# Constructed from biom file,,,,,,,,
#OTU ID,taxonomy,V9L,V1O,V1L,V6O,V6L,Water control 1,Water control 2
1550523,k__Bacteria; p__Bacteroidetes; c__Bacteroidia; o__Bacteroidales; f__Porphyromonadaceae; g__Parabacteroides; s__distasonis,0.0,0.0,0.0,0.0,0.0,0.0,0.0
505749,k__Bacteria; p__Firmicutes; c__Clostridia; o__Clostridiales; f__[Tissierellaceae]; g__Peptoniphilus; s__,0.0,0.0,0.0,1.0,0.0,0.0,0.0
4449702,k__Bacteria; p__Firmicutes; c__Clostridia; o__Clostridiales; f__Veillonellaceae; g__Veillonella; s__,0.0,0.0,0.0,0.0,0.0,0.0,1.0
134726,k__Bacteria; p__Firmicutes; c__Bacilli; o__Lactobacillales; f__Lactobacillaceae; g__Lactobacillus; s__,0.0,3.0,2.0,0.0,0.0,0.0,0.0
925326,k__Bacteria; p__Firmicutes; c__Clostridia; o__Clostridiales; f__[Tissierellaceae]; g__Peptoniphilus; s__,0.0,0.0,0.0,0.0,0.0,0.0,0.0
220097,k__Bacteria; p__Actinobacteria; c__Actinobacteria; o__Actinomycetales; f__Corynebacteriaceae; g__Corynebacterium; s__,0.0,0.0,0.0,0.0,0.0,0.0,0.0
134049,k__Bacteria; p__Firmicutes; c__Bacilli; o__Lactobacillales; f__Lactobacillaceae; g__Lactobacillus; s__,0.0,0.0,0.0,0.0,0.0,0.0,0.0
130468,k__Bacteria; p__Firmicutes; c__Bacilli; o__Lactobacillales; f__Lactobacillaceae; g__Lactobacillus; s__,1.0,4.0,5.0,9.0,32.0,0.0,0.0
934489,k__Bacteria; p__Firmicutes; c__Clostridia; o__Clostridiales; f__[Tissierellaceae]; g__Anaerococcus; s__,0.0,0.0,0.0,6.0,0.0,0.0,0.0
495079,k__Bacteria; p__Firmicutes; c__Clostridia; o__Clostridiales; f__[Tissierellaceae]; g__Finegoldia; s__,0.0,0.0,0.0,0.0,0.0,0.0,0.0
1125794,k__Bacteria; p__Proteobacteria; c__Alphaproteobacteria; o__Rhizobiales; f__Methylobacteriaceae; g__Methylobacterium; s__,1.0,0.0,0.0,0.0,0.0,1.0,1.0
2792266,k__Bacteria; p__Firmicutes; c__Clostridia; o__Clostridiales; f__Ruminococcaceae; g__Oscillospira; s__,0.0,0.0,0.0,0.0,0.0,0.0,0.0
177222,k__Bacteria; p__Bacteroidetes; c__Bacteroidia; o__Bacteroidales; f__Bacteroidaceae; g__Bacteroides; s__,0.0,0.0,0.0,0.0,0.0,0.0,0.0
302041,k__Bacteria; p__Firmicutes; c__Clostridia; o__Clostridiales; f__Clostridiaceae; g__Clostridium; s__,0.0,0.0,0.0,0.0,0.0,0.0,0.0
469488,k__Bacteria; p__Actinobacteria; c__Actinobacteria; o__Actinomycetales; f__Actinomycetaceae; g__Actinomyces; s__,0.0,0.0,0.0,0.0,0.0,0.0,0.0
199106,k__Bacteria; p__Firmicutes; c__Clostridia; o__Clostridiales; f__Lachnospiraceae; g__Coprococcus; s__,0.0,0.0,0.0,0.0,0.0,0.0,0.0
484444,k__Bacteria; p__Firmicutes; c__Bacilli; o__Lactobacillales; f__Lactobacillaceae; g__Lactobacillus; s__coleohominis,0.0,0.0,0.0,0.0,0.0,0.0,0.0
359086,k__Bacteria; p__Firmicutes; c__Bacilli; o__Bacillales; f__Planococcaceae; g__; s__,0.0,0.0,0.0,0.0,1.0,0.0,0.0
130864,k__Bacteria; p__Firmicutes; c__Bacilli; o__Lactobacillales; f__Lactobacillaceae; g__Lactobacillus; s__iners,0.0,0.0,0.0,0.0,0.0,0.0,0.0
4424252,k__Bacteria; p__Bacteroidetes; c__Bacteroidia; o__Bacteroidales; f__Porphyromonadaceae; g__Parabacteroides; s__distasonis,0.0,0.0,0.0,0.0,0.0,0.0,0.0
276367,k__Bacteria; p__Proteobacteria; c__Gammaproteobacteria; o__Pseudomonadales; f__Pseudomonadaceae; g__Pseudomonas; s__veronii,16.0,1.0,7.0,0.0,0.0,10.0,40.0
1888516,k__Bacteria; p__Firmicutes; c__Bacilli; o__Lactobacillales; f__Lactobacillaceae; g__Lactobacillus; s__,0.0,0.0,0.0,0.0,0.0,0.0,0.0
986574,k__Bacteria; p__Firmicutes; c__Clostridia; o__Clostridiales; f__[Tissierellaceae]; g__Peptoniphilus; s__,0.0,0.0,0.0,0.0,0.0,0.0,0.0
1092867,k__Bacteria; p__Actinobacteria; c__Actinobacteria; o__Actinomycetales; f__Corynebacteriaceae; g__Corynebacterium; s__,0.0,0.0,0.0,0.0,0.0,0.0,0.0
2196986,k__Bacteria; p__Firmicutes; c__Clostridia; o__Clostridiales; f__Ruminococcaceae; g__; s__,0.0,0.0,0.0,0.0,0.0,0.0,0.0
4349519,k__Bacteria; p__Firmicutes; c__Clostridia; o__Clostridiales; f__[Tissierellaceae]; g__Anaerococcus; s__,0.0,0.0,0.0,0.0,0.0,0.0,0.0
4314052,k__Bacteria; p__Proteobacteria; c__Gammaproteobacteria; o__Pasteurellales; f__Pasteurellaceae; g__Haemophilus; s__parainfluenzae,0.0,0.0,0.0,0.0,0.0,0.0,0.0
851634,k__Bacteria; p__Bacteroidetes; c__Bacteroidia; o__Bacteroidales; f__Prevotellaceae; g__Prevotella; s__,0.0,0.0,0.0,0.0,0.0,0.0,0.0
4411875,k__Bacteria; p__Actinobacteria; c__Actinobacteria; o__Bifidobacteriales; f__Bifidobacteriaceae; g__Scardovia; s__,0.0,0.0,0.0,0.0,0.0,0.0,0.0
3753735,k__Bacteria; p__Bacteroidetes; c__Bacteroidia; o__Bacteroidales; f__Bacteroidaceae; g__Bacteroides; s__uniformis,0.0,0.0,0.0,0.0,0.0,0.0,0.0
4473664,k__Bacteria; p__Firmicutes; c__Clostridia; o__Clostridiales; f__Peptostreptococcaceae; g__Peptostreptococcus; s__anaerobius,0.0,0.0,0.0,9.0,0.0,0.0,0.0
332718,k__Bacteria; p__Firmicutes; c__Bacilli; o__Lactobacillales; f__Lactobacillaceae; g__Lactobacillus; s__,3.0,0.0,0.0,0.0,0.0,0.0,0.0
1072076,k__Bacteria; p__Firmicutes; c__Clostridia; o__Clostridiales; f__[Tissierellaceae]; g__Peptoniphilus; s__,0.0,0.0,0.0,0.0,0.0,0.0,0.0
366582,k__Bacteria; p__Firmicutes; c__Bacilli; o__Lactobacillales; f__Lactobacillaceae; g__Lactobacillus; s__,0.0,0.0,0.0,0.0,0.0,0.0,0.0
4454531,k__Bacteria; p__Proteobacteria; c__Gammaproteobacteria; o__Enterobacteriales; f__Enterobacteriaceae; g__; s__,0.0,0.0,0.0,0.0,0.0,0.0,0.0
147220,k__Bacteria; p__Proteobacteria; c__Alphaproteobacteria; o__Rhizobiales; f__Phyllobacteriaceae; g__Phyllobacterium; s__,0.0,0.0,0.0,0.0,0.0,0.0,0.0
169889,k__Bacteria; p__Firmicutes; c__Bacilli; o__Lactobacillales; f__Lactobacillaceae; g__Lactobacillus; s__reuteri,0.0,0.0,0.0,0.0,0.0,0.0,0.0
547697,k__Bacteria; p__Firmicutes; c__Bacilli; o__Lactobacillales; f__Lactobacillaceae; g__Lactobacillus; s__,0.0,0.0,0.0,0.0,0.0,0.0,0.0
157631,k__Bacteria; p__Firmicutes; c__Clostridia; o__Clostridiales; f__Ruminococcaceae; g__; s__,0.0,0.0,0.0,0.0,0.0,0.0,0.0
606559,k__Bacteria; p__Firmicutes; c__Bacilli; o__Lactobacillales; f__Lactobacillaceae; g__Lactobacillus; s__,0.0,1.0,2.0,0.0,0.0,0.0,0.0
4377809,k__Bacteria; p__Firmicutes; c__Clostridia; o__Clostridiales; f__Clostridiaceae; g__Clostridium; s__,0.0,0.0,0.0,0.0,0.0,0.0,0.0
132546,k__Bacteria; p__Firmicutes; c__Clostridia; o__Clostridiales; f__[Tissierellaceae]; g__Parvimonas; s__,0.0,0.0,0.0,0.0,0.0,0.0,0.0
2949328,k__Bacteria; p__Bacteroidetes; c__Bacteroidia; o__Bacteroidales; f__Bacteroidaceae; g__Bacteroides; s__,0.0,0.0,0.0,0.0,0.0,0.0,0.0
377118,k__Bacteria; p__Actinobacteria; c__Actinobacteria; o__Actinomycetales; f__Corynebacteriaceae; g__Corynebacterium; s__,0.0,0.0,0.0,0.0,0.0,0.0,0.0
386632,k__Bacteria; p__Firmicutes; c__Clostridia; o__Clostridiales; f__[Tissierellaceae]; g__Anaerococcus; s__,0.0,0.0,0.0,0.0,0.0,0.0,0.0
995817,k__Bacteria; p__Actinobacteria; c__Actinobacteria; o__Actinomycetales; f__Corynebacteriaceae; g__Corynebacterium; s__,0.0,0.0,0.0,0.0,0.0,0.0,0.0
440396,k__Bacteria; p__Bacteroidetes; c__Bacteroidia; o__Bacteroidales; f__Prevotellaceae; g__Prevotella; s__,0.0,0.0,0.0,0.0,0.0,0.0,0.0
960200,k__Bacteria; p__Actinobacteria; c__Actinobacteria; o__Actinomycetales; f__Corynebacteriaceae; g__Corynebacterium; s__,0.0,0.0,0.0,0.0,0.0,0.0,0.0
3493367,k__Bacteria; p__Firmicutes; c__Clostridia; o__Clostridiales; f__Lachnospiraceae; g__; s__,0.0,0.0,0.0,0.0,0.0,0.0,0.0
974431,k__Bacteria; p__Firmicutes; c__Bacilli; o__Lactobacillales; f__Streptococcaceae; g__Streptococcus; s__,6.0,0.0,0.0,0.0,0.0,0.0,0.0
106408,k__Bacteria; p__Proteobacteria; c__Betaproteobacteria; o__Burkholderiales; f__Comamonadaceae; g__Curvibacter; s__,151.0,12.0,79.0,16.0,22.0,138.0,287.0
107101,k__Bacteria; p__Proteobacteria; c__Gammaproteobacteria; o__Pseudomonadales; f__Pseudomonadaceae; g__Pseudomonas; s__veronii,1.0,0.0,1.0,0.0,0.0,2.0,2.0
3583645,k__Bacteria; p__Bacteroidetes; c__Bacteroidia; o__Bacteroidales; f__Bacteroidaceae; g__Bacteroides; s__,0.0,0.0,0.0,0.0,0.0,0.0,0.0
1080535,k__Bacteria; p__Actinobacteria; c__Actinobacteria; o__Actinomycetales; f__Corynebacteriaceae; g__Corynebacterium; s__,0.0,0.0,0.0,0.0,0.0,0.0,0.0
4387845,k__Bacteria; p__Firmicutes; c__Clostridia; o__Clostridiales; f__[Tissierellaceae]; g__Anaerococcus; s__,0.0,0.0,0.0,0.0,0.0,0.0,0.0
251774,k__Bacteria; p__Firmicutes; c__Bacilli; o__Lactobacillales; f__Lactobacillaceae; g__Lactobacillus; s__,0.0,0.0,0.0,6.0,3.0,0.0,0.0
4337110,k__Bacteria; p__Actinobacteria; c__Actinobacteria; o__Actinomycetales; f__Microbacteriaceae; g__Microbacterium; s__,0.0,0.0,0.0,0.0,0.0,0.0,0.0
1080757,k__Bacteria; p__Firmicutes; c__Clostridia; o__Clostridiales; f__[Tissierellaceae]; g__Anaerococcus; s__,0.0,0.0,0.0,0.0,0.0,0.0,0.0
960926,k__Bacteria; p__Firmicutes; c__Clostridia; o__Clostridiales; f__[Tissierellaceae]; g__ph2; s__,0.0,0.0,0.0,0.0,0.0,0.0,0.0
4414778,k__Bacteria; p__Actinobacteria; c__Actinobacteria; o__Actinomycetales; f__Micrococcaceae; g__Micrococcus; s__luteus,0.0,0.0,0.0,0.0,0.0,0.0,0.0
389369,k__Bacteria; p__Actinobacteria; c__Actinobacteria; o__Actinomycetales; f__Corynebacteriaceae; g__Corynebacterium; s__,0.0,0.0,0.0,0.0,0.0,0.0,0.0
131702,k__Bacteria; p__Firmicutes; c__Bacilli; o__Lactobacillales; f__Lactobacillaceae; g__Lactobacillus; s__,44900.0,10.0,11.0,16.0,47.0,0.0,0.0
12595,k__Bacteria; p__Actinobacteria; c__Actinobacteria; o__Actinomycetales; f__Actinomycetaceae; g__Trueperella; s__,0.0,0.0,0.0,0.0,0.0,0.0,0.0
1115121,k__Bacteria; p__Bacteroidetes; c__Bacteroidia; o__Bacteroidales; f__S24-7; g__; s__,0.0,0.0,0.0,1.0,0.0,0.0,0.0
2134162,k__Bacteria; p__Firmicutes; c__Clostridia; o__Clostridiales; f__Lachnospiraceae; g__; s__,0.0,0.0,0.0,0.0,0.0,0.0,0.0
4439089,k__Bacteria; p__Actinobacteria; c__Actinobacteria; o__Actinomycetales; f__Actinomycetaceae; g__Actinomyces; s__,3.0,0.0,0.0,0.0,0.0,0.0,0.0
361870,k__Bacteria; p__Firmicutes; c__Clostridia; o__Clostridiales; f__[Tissierellaceae]; g__Parvimonas; s__,0.0,0.0,0.0,0.0,0.0,0.0,0.0
1105876,k__Bacteria; p__Firmicutes; c__Clostridia; o__Clostridiales; f__Veillonellaceae; g__Dialister; s__,0.0,0.0,0.0,135.0,45.0,0.0,0.0
305760,k__Bacteria; p__Proteobacteria; c__Gammaproteobacteria; o__Enterobacteriales; f__Enterobacteriaceae; g__; s__,0.0,0.0,0.0,0.0,0.0,1.0,0.0
294490,k__Bacteria; p__Firmicutes; c__Clostridia; o__Clostridiales; f__Peptostreptococcaceae; g__; s__,0.0,0.0,0.0,0.0,0.0,0.0,0.0
2761928,k__Bacteria; p__Actinobacteria; c__Coriobacteriia; o__Coriobacteriales; f__Coriobacteriaceae; g__; s__,0.0,0.0,0.0,0.0,0.0,0.0,0.0
8692,k__Bacteria; p__Proteobacteria; c__Gammaproteobacteria; o__Pseudomonadales; f__Pseudomonadaceae; g__Pseudomonas; s__veronii,345.0,27.0,172.0,45.0,41.0,449.0,673.0
134265,k__Bacteria; p__Bacteroidetes; c__Bacteroidia; o__Bacteroidales; f__Prevotellaceae; g__Prevotella; s__,0.0,0.0,0.0,0.0,0.0,0.0,0.0
521395,k__Bacteria; p__Bacteroidetes; c__Bacteroidia; o__Bacteroidales; f__Porphyromonadaceae; g__Porphyromonas; s__,0.0,0.0,0.0,0.0,0.0,0.0,0.0
31171,k__Bacteria; p__Firmicutes; c__Bacilli; o__Lactobacillales; f__Lactobacillaceae; g__Lactobacillus; s__,373.0,1.0,3.0,0.0,0.0,0.0,0.0
183167,k__Bacteria; p__Firmicutes; c__Clostridia; o__Clostridiales; f__[Tissierellaceae]; g__Peptoniphilus; s__,0.0,0.0,0.0,0.0,0.0,0.0,0.0
336370,k__Bacteria; p__Firmicutes; c__Bacilli; o__Lactobacillales; f__Lactobacillaceae; g__Lactobacillus; s__,0.0,0.0,0.0,0.0,0.0,0.0,0.0
4461775,k__Bacteria; p__Proteobacteria; c__Gammaproteobacteria; o__Enterobacteriales; f__Enterobacteriaceae; g__; s__,0.0,0.0,0.0,0.0,0.0,0.0,0.0
609407,k__Bacteria; p__Firmicutes; c__Bacilli; o__Lactobacillales; f__Lactobacillaceae; g__Lactobacillus; s__,7.0,0.0,0.0,0.0,0.0,0.0,0.0
1116920,k__Bacteria; p__Firmicutes; c__Clostridia; o__Clostridiales; f__Peptostreptococcaceae; g__[Clostridium]; s__bifermentans,0.0,0.0,0.0,0.0,0.0,0.0,0.0
1009722,k__Bacteria; p__Firmicutes; c__Bacilli; o__Gemellales; f__Gemellaceae; g__Gemella; s__,0.0,0.0,0.0,0.0,0.0,0.0,0.0
2320125,k__Bacteria; p__Actinobacteria; c__Actinobacteria; o__Actinomycetales; f__Corynebacteriaceae; g__Corynebacterium; s__,1.0,0.0,0.0,0.0,0.0,0.0,0.0
4444682,k__Bacteria; p__Bacteroidetes; c__Bacteroidia; o__Bacteroidales; f__Prevotellaceae; g__Prevotella; s__melaninogenica,0.0,0.0,0.0,0.0,0.0,0.0,0.0
312127,k__Bacteria; p__Firmicutes; c__Bacilli; o__Lactobacillales; f__Lactobacillaceae; g__Lactobacillus; s__,0.0,3.0,2.0,0.0,0.0,0.0,0.0
47365,k__Bacteria; p__Firmicutes; c__Bacilli; o__Lactobacillales; f__Lactobacillaceae; g__Lactobacillus; s__,0.0,3.0,4.0,0.0,0.0,0.0,0.0
315189,k__Bacteria; p__Firmicutes; c__Bacilli; o__Lactobacillales; f__Lactobacillaceae; g__Lactobacillus; s__,0.0,0.0,0.0,0.0,0.0,0.0,0.0
131016,k__Bacteria; p__Firmicutes; c__Bacilli; o__Bacillales; f__Staphylococcaceae; g__Staphylococcus; s__haemolyticus,0.0,0.0,0.0,0.0,0.0,0.0,0.0
184497,k__Bacteria; p__Firmicutes; c__Clostridia; o__Clostridiales; f__; g__; s__,0.0,0.0,0.0,0.0,0.0,0.0,0.0
820687,k__Bacteria; p__Firmicutes; c__Bacilli; o__Lactobacillales; f__Lactobacillaceae; g__Lactobacillus; s__,0.0,0.0,0.0,0.0,0.0,0.0,0.0
610043,k__Bacteria; p__Bacteroidetes; c__Bacteroidia; o__Bacteroidales; f__Prevotellaceae; g__Prevotella; s__,0.0,0.0,0.0,78.0,9.0,0.0,0.0
809106,k__Bacteria; p__Firmicutes; c__Bacilli; o__Lactobacillales; f__Lactobacillaceae; g__Lactobacillus; s__,0.0,2.0,1.0,0.0,0.0,0.0,0.0
4346760,k__Bacteria; p__Bacteroidetes; c__Bacteroidia; o__Bacteroidales; f__Prevotellaceae; g__Prevotella; s__melaninogenica,0.0,0.0,0.0,0.0,0.0,0.0,0.0
184753,k__Bacteria; p__Bacteroidetes; c__Bacteroidia; o__Bacteroidales; f__Bacteroidaceae; g__Bacteroides; s__,0.0,0.0,0.0,0.0,0.0,0.0,0.0
134467,k__Bacteria; p__Firmicutes; c__Bacilli; o__Lactobacillales; f__Lactobacillaceae; g__Lactobacillus; s__,16.0,0.0,0.0,0.0,0.0,0.0,0.0
1076969,k__Bacteria; p__Firmicutes; c__Bacilli; o__Lactobacillales; f__Streptococcaceae; g__Streptococcus; s__,0.0,0.0,0.0,0.0,0.0,0.0,0.0
851603,k__Bacteria; p__Firmicutes; c__Bacilli; o__Lactobacillales; f__Lactobacillaceae; g__Lactobacillus; s__,0.0,29.0,33.0,0.0,0.0,0.0,0.0
3649784,k__Bacteria; p__Bacteroidetes; c__Bacteroidia; o__Bacteroidales; f__Bacteroidaceae; g__Bacteroides; s__,0.0,0.0,0.0,0.0,0.0,0.0,1.0
301105,k__Bacteria; p__Proteobacteria; c__Gammaproteobacteria; o__Enterobacteriales; f__Enterobacteriaceae; g__; s__,0.0,0.0,0.0,0.0,0.0,0.0,0.0
2584423,k__Bacteria; p__Firmicutes; c__Bacilli; o__Lactobacillales; f__Lactobacillaceae; g__Lactobacillus; s__,0.0,0.0,0.0,0.0,0.0,0.0,0.0
1022310,k__Bacteria; p__Firmicutes; c__Clostridia; o__Clostridiales; f__[Tissierellaceae]; g__Anaerococcus; s__,0.0,0.0,0.0,0.0,0.0,0.0,0.0
4469671,k__Bacteria; p__Firmicutes; c__Bacilli; o__Lactobacillales; f__Streptococcaceae; g__Streptococcus; s__,0.0,0.0,0.0,0.0,0.0,0.0,0.0
4332291,k__Bacteria; p__Firmicutes; c__Bacilli; o__Lactobacillales; f__Lactobacillaceae; g__Lactobacillus; s__,37.0,0.0,0.0,0.0,1.0,0.0,0.0
4389418,k__Bacteria; p__Firmicutes; c__Clostridia; o__Clostridiales; f__Lachnospiraceae; g__; s__,0.0,0.0,0.0,0.0,0.0,0.0,0.0
494966,k__Bacteria; p__Firmicutes; c__Clostridia; o__Clostridiales; f__[Tissierellaceae]; g__Anaerococcus; s__,0.0,0.0,0.0,0.0,0.0,0.0,0.0
519673,k__Bacteria; p__Firmicutes; c__Bacilli; o__Gemellales; f__; g__; s__,0.0,0.0,0.0,0.0,0.0,0.0,0.0
2499912,k__Bacteria; p__Proteobacteria; c__Alphaproteobacteria; o__Sphingomonadales; f__Sphingomonadaceae; g__Sphingomonas; s__,0.0,0.0,0.0,0.0,0.0,0.0,0.0
940083,k__Bacteria; p__Actinobacteria; c__Actinobacteria; o__Actinomycetales; f__Corynebacteriaceae; g__Corynebacterium; s__,0.0,0.0,0.0,0.0,0.0,0.0,0.0
4300042,k__Bacteria; p__Firmicutes; c__Bacilli; o__Lactobacillales; f__Streptococcaceae; g__Streptococcus; s__,0.0,0.0,0.0,0.0,0.0,0.0,0.0
4445232,k__Bacteria; p__Firmicutes; c__Clostridia; o__Clostridiales; f__Ruminococcaceae; g__; s__,0.0,0.0,0.0,0.0,0.0,0.0,0.0
663885,k__Bacteria; p__Bacteroidetes; c__Bacteroidia; o__Bacteroidales; f__Prevotellaceae; g__Prevotella; s__,0.0,0.0,0.0,0.0,0.0,3.0,0.0
469871,k__Bacteria; p__Actinobacteria; c__Actinobacteria; o__Bifidobacteriales; f__Bifidobacteriaceae; g__Bifidobacterium; s__,0.0,0.0,0.0,0.0,0.0,0.0,0.0
133599,k__Bacteria; p__Firmicutes; c__Bacilli; o__Lactobacillales; f__Lactobacillaceae; g__Lactobacillus; s__iners,0.0,12.0,7.0,1.0,0.0,0.0,0.0
310475,k__Bacteria; p__Firmicutes; c__Bacilli; o__Lactobacillales; f__Lactobacillaceae; g__Lactobacillus; s__,0.0,0.0,0.0,0.0,0.0,0.0,0.0
3690323,k__Bacteria; p__Firmicutes; c__Clostridia; o__Clostridiales; f__Lachnospiraceae; g__[Ruminococcus]; s__,0.0,0.0,0.0,0.0,0.0,0.0,0.0
133065,k__Bacteria; p__Firmicutes; c__Bacilli; o__Lactobacillales; f__Lactobacillaceae; g__Lactobacillus; s__,0.0,4.0,0.0,0.0,0.0,0.0,0.0
995455,k__Bacteria; p__Firmicutes; c__Clostridia; o__Clostridiales; f__[Tissierellaceae]; g__Anaerococcus; s__,0.0,0.0,0.0,0.0,0.0,0.0,0.0
419366,k__Bacteria; p__Firmicutes; c__Clostridia; o__Clostridiales; f__[Tissierellaceae]; g__Anaerococcus; s__,0.0,0.0,0.0,0.0,0.0,0.0,0.0
307080,k__Bacteria; p__Proteobacteria; c__Gammaproteobacteria; o__Enterobacteriales; f__Enterobacteriaceae; g__; s__,0.0,0.0,0.0,0.0,0.0,0.0,0.0
4474056,k__Bacteria; p__Firmicutes; c__Clostridia; o__Clostridiales; f__[Tissierellaceae]; g__Peptoniphilus; s__,0.0,0.0,0.0,0.0,0.0,0.0,0.0
368769,k__Bacteria; p__Firmicutes; c__Clostridia; o__Clostridiales; f__[Tissierellaceae]; g__Anaerococcus; s__,0.0,0.0,0.0,0.0,0.0,0.0,0.0
4315658,k__Bacteria; p__Firmicutes; c__Bacilli; o__Lactobacillales; f__Lactobacillaceae; g__Lactobacillus; s__,0.0,0.0,0.0,0.0,0.0,0.0,0.0
1066981,k__Bacteria; p__Actinobacteria; c__Actinobacteria; o__Actinomycetales; f__Corynebacteriaceae; g__Corynebacterium; s__,0.0,0.0,0.0,0.0,0.0,0.0,0.0
1696180,k__Bacteria; p__Tenericutes; c__Mollicutes; o__Mycoplasmatales; f__Mycoplasmataceae; g__Mycoplasma; s__,0.0,0.0,0.0,48.0,27.0,0.0,0.0
11325,k__Bacteria; p__Fusobacteria; c__Fusobacteriia; o__Fusobacteriales; f__Fusobacteriaceae; g__Fusobacterium; s__,0.0,0.0,0.0,0.0,0.0,0.0,0.0
247720,k__Bacteria; p__Actinobacteria; c__Actinobacteria; o__Actinomycetales; f__Brevibacteriaceae; g__Brevibacterium; s__paucivorans,0.0,0.0,0.0,0.0,0.0,0.0,0.0
4434455,k__Bacteria; p__Firmicutes; c__Clostridia; o__Clostridiales; f__Lachnospiraceae; g__; s__,0.0,0.0,0.0,0.0,0.0,0.0,0.0
338852,k__Bacteria; p__Firmicutes; c__Bacilli; o__Lactobacillales; f__Lactobacillaceae; g__Lactobacillus; s__reuteri,0.0,0.0,0.0,0.0,0.0,0.0,0.0
687649,k__Bacteria; p__Bacteroidetes; c__Cytophagia; o__Cytophagales; f__Cytophagaceae; g__Hymenobacter; s__,0.0,0.0,0.0,0.0,0.0,0.0,0.0
220823,k__Bacteria; p__Proteobacteria; c__Gammaproteobacteria; o__Pseudomonadales; f__Pseudomonadaceae; g__Pseudomonas; s__veronii,1.0,0.0,0.0,0.0,0.0,0.0,0.0
403012,k__Bacteria; p__Actinobacteria; c__Actinobacteria; o__Actinomycetales; f__Actinomycetaceae; g__Actinomyces; s__,0.0,0.0,0.0,1.0,0.0,0.0,0.0
271159,k__Bacteria; p__Firmicutes; c__Bacilli; o__Lactobacillales; f__Carnobacteriaceae; g__Granulicatella; s__,0.0,0.0,0.0,0.0,0.0,0.0,0.0
4400491,k__Bacteria; p__Proteobacteria; c__Betaproteobacteria; o__Burkholderiales; f__Oxalobacteraceae; g__Janthinobacterium; s__lividum,1.0,0.0,0.0,0.0,0.0,0.0,0.0
1040479,k__Bacteria; p__Actinobacteria; c__Actinobacteria; o__Actinomycetales; f__Actinomycetaceae; g__Varibaculum; s__,0.0,0.0,0.0,0.0,0.0,0.0,0.0
874417,k__Bacteria; p__Firmicutes; c__Bacilli; o__Lactobacillales; f__Streptococcaceae; g__Streptococcus; s__,0.0,0.0,0.0,0.0,0.0,0.0,0.0
4383823,k__Bacteria; p__Proteobacteria; c__Gammaproteobacteria; o__Pseudomonadales; f__Pseudomonadaceae; g__Pseudomonas; s__veronii,0.0,0.0,0.0,0.0,0.0,1.0,2.0
249652,k__Bacteria; p__Bacteroidetes; c__Bacteroidia; o__Bacteroidales; f__Prevotellaceae; g__Prevotella; s__melaninogenica,0.0,0.0,0.0,0.0,0.0,0.0,0.0
29566,k__Bacteria; p__Fusobacteria; c__Fusobacteriia; o__Fusobacteriales; f__Leptotrichiaceae; g__Sneathia; s__,0.0,1.0,0.0,11.0,0.0,0.0,0.0
326923,k__Bacteria; p__Firmicutes; c__Bacilli; o__Lactobacillales; f__Lactobacillaceae; g__Lactobacillus; s__,0.0,0.0,0.0,0.0,0.0,0.0,0.0
142842,k__Bacteria; p__Firmicutes; c__Clostridia; o__Clostridiales; f__Ruminococcaceae; g__; s__,0.0,0.0,0.0,0.0,0.0,2.0,1.0
546410,k__Bacteria; p__Firmicutes; c__Bacilli; o__Lactobacillales; f__Lactobacillaceae; g__Lactobacillus; s__hamsteri,0.0,0.0,0.0,0.0,0.0,0.0,0.0
288387,k__Bacteria; p__Firmicutes; c__Bacilli; o__Lactobacillales; f__Lactobacillaceae; g__Lactobacillus; s__,0.0,0.0,0.0,0.0,0.0,0.0,0.0
851594,k__Bacteria; p__Actinobacteria; c__Coriobacteriia; o__Coriobacteriales; f__Coriobacteriaceae; g__Atopobium; s__vaginae,0.0,0.0,0.0,125.0,34.0,0.0,0.0
851595,k__Bacteria; p__Firmicutes; c__Clostridia; o__Clostridiales; f__Veillonellaceae; g__Veillonella; s__dispar,0.0,0.0,0.0,0.0,0.0,0.0,0.0
4375664,k__Bacteria; p__Firmicutes; c__Clostridia; o__Clostridiales; f__Veillonellaceae; g__Megasphaera; s__,0.0,0.0,0.0,0.0,0.0,0.0,0.0
428116,k__Bacteria; p__Bacteroidetes; c__Bacteroidia; o__Bacteroidales; f__Prevotellaceae; g__Prevotella; s__,0.0,0.0,0.0,0.0,0.0,0.0,0.0
4413217,k__Bacteria; p__Firmicutes; c__Clostridia; o__Clostridiales; f__Veillonellaceae; g__Veillonella; s__parvula,0.0,0.0,0.0,0.0,0.0,0.0,0.0
212982,k__Bacteria; p__Firmicutes; c__Clostridia; o__Clostridiales; f__Lachnospiraceae; g__Blautia; s__,0.0,0.0,0.0,0.0,0.0,0.0,0.0
98258,k__Bacteria; p__Cyanobacteria; c__4C0d-2; o__MLE1-12; f__; g__; s__,0.0,0.0,0.0,0.0,0.0,0.0,0.0
137580,k__Bacteria; p__Firmicutes; c__Bacilli; o__Lactobacillales; f__Lactobacillaceae; g__Lactobacillus; s__,0.0,1.0,0.0,0.0,0.0,0.0,0.0
2555599,k__Bacteria; p__Firmicutes; c__Clostridia; o__Clostridiales; f__Lachnospiraceae; g__Dorea; s__,0.0,0.0,0.0,0.0,0.0,0.0,0.0
4309085,k__Bacteria; p__Proteobacteria; c__Gammaproteobacteria; o__Pasteurellales; f__Pasteurellaceae; g__Haemophilus; s__parainfluenzae,0.0,0.0,0.0,0.0,0.0,0.0,0.0
4428013,k__Bacteria; p__Firmicutes; c__Clostridia; o__Clostridiales; f__Ruminococcaceae; g__; s__,0.0,0.0,0.0,0.0,0.0,0.0,0.0
4406782,k__Bacteria; p__Firmicutes; c__Clostridia; o__Clostridiales; f__Lachnospiraceae; g__; s__,0.0,0.0,0.0,0.0,0.0,0.0,0.0
1888517,k__Bacteria; p__Bacteroidetes; c__Bacteroidia; o__Bacteroidales; f__Bacteroidaceae; g__Bacteroides; s__,0.0,0.0,0.0,0.0,0.0,0.0,0.0
4435998,k__Bacteria; p__Proteobacteria; c__Betaproteobacteria; o__Burkholderiales; f__Comamonadaceae; g__Delftia; s__,0.0,0.0,0.0,0.0,0.0,0.0,0.0
4309323,k__Bacteria; p__Proteobacteria; c__Gammaproteobacteria; o__Pasteurellales; f__Pasteurellaceae; g__Haemophilus; s__parainfluenzae,0.0,0.0,0.0,0.0,0.0,0.0,0.0
128227,k__Bacteria; p__Firmicutes; c__Bacilli; o__Lactobacillales; f__Lactobacillaceae; g__Lactobacillus; s__,0.0,0.0,0.0,0.0,0.0,0.0,0.0
617803,k__Bacteria; p__Bacteroidetes; c__Bacteroidia; o__Bacteroidales; f__Porphyromonadaceae; g__Porphyromonas; s__,0.0,0.0,0.0,0.0,0.0,0.0,0.0
359809,k__Bacteria; p__Proteobacteria; c__Betaproteobacteria; o__Burkholderiales; f__Alcaligenaceae; g__Sutterella; s__,0.0,0.0,0.0,0.0,0.0,0.0,0.0
210538,k__Bacteria; p__Proteobacteria; c__Betaproteobacteria; o__Burkholderiales; f__Comamonadaceae; g__Variovorax; s__paradoxus,0.0,0.0,0.0,0.0,0.0,0.0,0.0
4394976,k__Bacteria; p__Proteobacteria; c__Betaproteobacteria; o__Burkholderiales; f__Alcaligenaceae; g__Sutterella; s__,0.0,0.0,0.0,0.0,0.0,0.0,0.0
128382,k__Bacteria; p__Firmicutes; c__Clostridia; o__Clostridiales; f__Veillonellaceae; g__Dialister; s__,0.0,0.0,0.0,0.0,0.0,0.0,0.0
137340,k__Bacteria; p__Firmicutes; c__Bacilli; o__Lactobacillales; f__Lactobacillaceae; g__Lactobacillus; s__iners,0.0,0.0,0.0,1.0,0.0,0.0,0.0
4435455,k__Bacteria; p__Proteobacteria; c__Betaproteobacteria; o__Burkholderiales; f__Comamonadaceae; g__; s__,0.0,0.0,0.0,0.0,0.0,2.0,0.0
4396394,k__Bacteria; p__Firmicutes; c__Clostridia; o__Clostridiales; f__Veillonellaceae; g__Veillonella; s__dispar,0.0,0.0,0.0,0.0,0.0,0.0,0.0
187718,k__Bacteria; p__Firmicutes; c__Bacilli; o__Lactobacillales; f__Lactobacillaceae; g__Lactobacillus; s__,0.0,0.0,0.0,0.0,0.0,0.0,0.0
72820,k__Bacteria; p__Actinobacteria; c__Actinobacteria; o__Bifidobacteriales; f__Bifidobacteriaceae; g__Bifidobacterium; s__longum,0.0,0.0,0.0,0.0,0.0,0.0,0.0
326545,k__Bacteria; p__Firmicutes; c__Bacilli; o__Lactobacillales; f__Lactobacillaceae; g__Lactobacillus; s__reuteri,0.0,0.0,0.0,0.0,0.0,0.0,0.0
131199,k__Bacteria; p__Firmicutes; c__Bacilli; o__Lactobacillales; f__Lactobacillaceae; g__Lactobacillus; s__,0.0,0.0,0.0,0.0,0.0,0.0,0.0
128368,k__Bacteria; p__Firmicutes; c__Bacilli; o__Lactobacillales; f__Lactobacillaceae; g__Lactobacillus; s__,0.0,0.0,0.0,0.0,0.0,0.0,0.0
1110745,k__Bacteria; p__Actinobacteria; c__Actinobacteria; o__Actinomycetales; f__Corynebacteriaceae; g__Corynebacterium; s__,0.0,0.0,0.0,0.0,0.0,0.0,0.0
4377948,k__Bacteria; p__Firmicutes; c__Clostridia; o__Clostridiales; f__Lachnospiraceae; g__; s__,0.0,0.0,0.0,0.0,0.0,0.0,0.0
2470908,k__Bacteria; p__Bacteroidetes; c__Bacteroidia; o__Bacteroidales; f__Bacteroidaceae; g__Bacteroides; s__,0.0,0.0,0.0,0.0,0.0,0.0,0.0
13419,k__Bacteria; p__Actinobacteria; c__Actinobacteria; o__Actinomycetales; f__Corynebacteriaceae; g__Corynebacterium; s__,0.0,0.0,0.0,0.0,0.0,0.0,0.0
176743,k__Bacteria; p__Bacteroidetes; c__Bacteroidia; o__Bacteroidales; f__Bacteroidaceae; g__Bacteroides; s__uniformis,0.0,0.0,0.0,0.0,0.0,0.0,0.0
1634660,k__Bacteria; p__Actinobacteria; c__Coriobacteriia; o__Coriobacteriales; f__Coriobacteriaceae; g__Atopobium; s__,0.0,0.0,0.0,0.0,0.0,0.0,0.0
15367,k__Bacteria; p__Firmicutes; c__Bacilli; o__Lactobacillales; f__Streptococcaceae; g__Streptococcus; s__,0.0,0.0,0.0,0.0,0.0,0.0,0.0
133931,k__Bacteria; p__Firmicutes; c__Bacilli; o__Lactobacillales; f__Lactobacillaceae; g__Lactobacillus; s__,1.0,0.0,0.0,343.0,308.0,0.0,0.0
334340,k__Bacteria; p__Firmicutes; c__Clostridia; o__Clostridiales; f__Ruminococcaceae; g__; s__,0.0,0.0,0.0,0.0,0.0,0.0,1.0
4306776,k__Bacteria; p__Proteobacteria; c__Gammaproteobacteria; o__Pasteurellales; f__Pasteurellaceae; g__Haemophilus; s__parainfluenzae,0.0,0.0,0.0,0.0,0.0,0.0,0.0
4302355,k__Bacteria; p__Actinobacteria; c__Coriobacteriia; o__Coriobacteriales; f__Coriobacteriaceae; g__Atopobium; s__,0.0,0.0,0.0,0.0,0.0,0.0,0.0
143423,k__Bacteria; p__Firmicutes; c__Clostridia; o__Clostridiales; f__Ruminococcaceae; g__; s__,0.0,0.0,0.0,0.0,0.0,1.0,1.0
796473,k__Bacteria; p__Bacteroidetes; c__Bacteroidia; o__Bacteroidales; f__Prevotellaceae; g__Prevotella; s__,0.0,0.0,0.0,0.0,0.0,0.0,0.0
270408,k__Bacteria; p__Proteobacteria; c__Gammaproteobacteria; o__Pseudomonadales; f__Pseudomonadaceae; g__Pseudomonas; s__veronii,0.0,0.0,2.0,0.0,0.0,3.0,2.0
258882,k__Bacteria; p__Firmicutes; c__Bacilli; o__Gemellales; f__Gemellaceae; g__Gemella; s__,0.0,0.0,0.0,2.0,1.0,0.0,0.0
537594,k__Bacteria; p__Proteobacteria; c__Betaproteobacteria; o__Burkholderiales; f__Oxalobacteraceae; g__; s__,0.0,0.0,0.0,0.0,0.0,0.0,0.0
134053,k__Bacteria; p__Firmicutes; c__Bacilli; o__Lactobacillales; f__Lactobacillaceae; g__Lactobacillus; s__,2.0,4.0,1.0,11.0,13.0,0.0,0.0
851726,k__Bacteria; p__Firmicutes; c__Clostridia; o__Clostridiales; f__Veillonellaceae; g__Megasphaera; s__,0.0,0.0,0.0,1.0,0.0,2.0,0.0
4436370,k__Bacteria; p__Firmicutes; c__Bacilli; o__Bacillales; f__Staphylococcaceae; g__Staphylococcus; s__,0.0,0.0,0.0,0.0,0.0,0.0,0.0
920904,k__Bacteria; p__Actinobacteria; c__Actinobacteria; o__Actinomycetales; f__Corynebacteriaceae; g__Corynebacterium; s__,0.0,1.0,0.0,0.0,0.0,0.0,0.0
586968,k__Bacteria; p__Firmicutes; c__Bacilli; o__Lactobacillales; f__Lactobacillaceae; g__Lactobacillus; s__,0.0,0.0,0.0,0.0,0.0,0.0,0.0
4479835,k__Bacteria; p__Bacteroidetes; c__Bacteroidia; o__Bacteroidales; f__Bacteroidaceae; g__Bacteroides; s__uniformis,0.0,0.0,0.0,0.0,0.0,0.0,0.0
172233,k__Bacteria; p__Firmicutes; c__Clostridia; o__Clostridiales; f__Ruminococcaceae; g__; s__,0.0,0.0,0.0,0.0,0.0,0.0,0.0
653242,k__Bacteria; p__Proteobacteria; c__Betaproteobacteria; o__Burkholderiales; f__Oxalobacteraceae; g__Herbaspirillum; s__,1.0,0.0,0.0,0.0,0.0,0.0,0.0
322723,k__Bacteria; p__Firmicutes; c__Bacilli; o__Lactobacillales; f__Lactobacillaceae; g__Lactobacillus; s__,0.0,0.0,0.0,0.0,0.0,0.0,0.0
3830174,k__Bacteria; p__Proteobacteria; c__Gammaproteobacteria; o__Xanthomonadales; f__Xanthomonadaceae; g__Stenotrophomonas; s__,0.0,0.0,0.0,0.0,0.0,0.0,0.0
1062406,k__Bacteria; p__Firmicutes; c__Bacilli; o__Gemellales; f__; g__; s__,0.0,0.0,0.0,0.0,0.0,0.0,0.0
4330240,k__Bacteria; p__Firmicutes; c__Bacilli; o__Lactobacillales; f__Lactobacillaceae; g__Lactobacillus; s__,0.0,176.0,191.0,0.0,0.0,0.0,0.0
470190,k__Bacteria; p__Actinobacteria; c__Actinobacteria; o__Actinomycetales; f__Corynebacteriaceae; g__Corynebacterium; s__,0.0,0.0,0.0,0.0,0.0,0.0,0.0
4412540,k__Bacteria; p__Firmicutes; c__Clostridia; o__Clostridiales; f__Ruminococcaceae; g__; s__,0.0,0.0,0.0,0.0,0.0,0.0,0.0
580629,k__Bacteria; p__Bacteroidetes; c__Bacteroidia; o__Bacteroidales; f__Bacteroidaceae; g__Bacteroides; s__,0.0,0.0,0.0,0.0,0.0,0.0,0.0
4474654,k__Bacteria; p__Firmicutes; c__Clostridia; o__Clostridiales; f__Peptostreptococcaceae; g__Peptostreptococcus; s__,0.0,0.0,0.0,0.0,0.0,0.0,0.0
470693,k__Bacteria; p__Actinobacteria; c__Actinobacteria; o__Actinomycetales; f__Actinomycetaceae; g__Mobiluncus; s__,0.0,0.0,0.0,0.0,0.0,0.0,0.0
269216,k__Bacteria; p__Proteobacteria; c__Gammaproteobacteria; o__Pseudomonadales; f__Pseudomonadaceae; g__Pseudomonas; s__veronii,0.0,0.0,0.0,0.0,0.0,0.0,1.0
4318084,k__Bacteria; p__Firmicutes; c__Bacilli; o__Gemellales; f__Gemellaceae; g__Gemella; s__,0.0,0.0,0.0,0.0,0.0,0.0,0.0
654307,k__Bacteria; p__Firmicutes; c__Clostridia; o__Clostridiales; f__[Tissierellaceae]; g__Peptoniphilus; s__,0.0,0.0,0.0,0.0,0.0,0.0,0.0
4368573,k__Bacteria; p__Bacteroidetes; c__Bacteroidia; o__Bacteroidales; f__Bacteroidaceae; g__Bacteroides; s__,0.0,0.0,0.0,0.0,0.0,0.0,0.0
360237,k__Bacteria; p__Firmicutes; c__Clostridia; o__Clostridiales; f__Ruminococcaceae; g__Faecalibacterium; s__prausnitzii,0.0,0.0,0.0,0.0,0.0,0.0,0.0
137630,k__Bacteria; p__Firmicutes; c__Bacilli; o__Lactobacillales; f__Lactobacillaceae; g__Lactobacillus; s__,0.0,15.0,12.0,0.0,0.0,0.0,0.0
4465544,k__Bacteria; p__Firmicutes; c__Bacilli; o__Lactobacillales; f__Streptococcaceae; g__Streptococcus; s__,0.0,0.0,0.0,0.0,0.0,0.0,0.0
494937,k__Bacteria; p__Firmicutes; c__Clostridia; o__Clostridiales; f__[Tissierellaceae]; g__Peptoniphilus; s__,0.0,0.0,0.0,0.0,0.0,0.0,0.0
366768,k__Bacteria; p__Actinobacteria; c__Actinobacteria; o__Actinomycetales; f__Corynebacteriaceae; g__Corynebacterium; s__,0.0,0.0,0.0,0.0,0.0,0.0,0.0
303396,k__Bacteria; p__Proteobacteria; c__Gammaproteobacteria; o__Enterobacteriales; f__Enterobacteriaceae; g__; s__,0.0,0.0,0.0,0.0,0.0,0.0,0.0
920613,k__Bacteria; p__Firmicutes; c__Clostridia; o__Clostridiales; f__Peptostreptococcaceae; g__; s__,0.0,0.0,0.0,0.0,0.0,0.0,0.0
185160,k__Bacteria; p__Bacteroidetes; c__Bacteroidia; o__Bacteroidales; f__Bacteroidaceae; g__Bacteroides; s__,0.0,0.0,0.0,0.0,0.0,0.0,0.0
465186,k__Bacteria; p__Firmicutes; c__Bacilli; o__Lactobacillales; f__Lactobacillaceae; g__Lactobacillus; s__,0.0,0.0,0.0,0.0,0.0,0.0,0.0
463361,k__Bacteria; p__Firmicutes; c__Bacilli; o__Lactobacillales; f__Lactobacillaceae; g__Lactobacillus; s__,7.0,0.0,0.0,0.0,0.0,0.0,0.0
584703,k__Bacteria; p__Fusobacteria; c__Fusobacteriia; o__Fusobacteriales; f__Fusobacteriaceae; g__Fusobacterium; s__,0.0,0.0,0.0,0.0,0.0,0.0,0.0
27140,k__Bacteria; p__Firmicutes; c__Bacilli; o__Lactobacillales; f__Lactobacillaceae; g__Lactobacillus; s__,29.0,0.0,0.0,37.0,126.0,0.0,0.0
137042,k__Bacteria; p__Firmicutes; c__Bacilli; o__Lactobacillales; f__Lactobacillaceae; g__Lactobacillus; s__,0.0,0.0,0.0,0.0,0.0,0.0,0.0
393265,k__Bacteria; p__Proteobacteria; c__Gammaproteobacteria; o__Pseudomonadales; f__Pseudomonadaceae; g__Pseudomonas; s__veronii,0.0,0.0,0.0,0.0,0.0,0.0,0.0
456393,k__Bacteria; p__Firmicutes; c__Bacilli; o__Lactobacillales; f__Lactobacillaceae; g__Lactobacillus; s__,0.0,6.0,19.0,0.0,0.0,0.0,0.0
4379384,k__Bacteria; p__Firmicutes; c__Bacilli; o__Lactobacillales; f__Lactobacillaceae; g__Lactobacillus; s__,0.0,0.0,0.0,0.0,0.0,0.0,0.0
4481323,k__Bacteria; p__Firmicutes; c__Bacilli; o__Lactobacillales; f__Lactobacillaceae; g__Lactobacillus; s__,8.0,117954.0,119219.0,1.0,0.0,0.0,0.0
338140,k__Bacteria; p__Proteobacteria; c__Gammaproteobacteria; o__Pseudomonadales; f__Pseudomonadaceae; g__; s__,0.0,0.0,1.0,0.0,0.0,0.0,0.0
276632,k__Bacteria; p__Firmicutes; c__Bacilli; o__Lactobacillales; f__Lactobacillaceae; g__Lactobacillus; s__,0.0,0.0,0.0,0.0,0.0,0.0,0.0
137315,k__Bacteria; p__Firmicutes; c__Bacilli; o__Lactobacillales; f__Lactobacillaceae; g__Lactobacillus; s__,2.0,2.0,3.0,0.0,0.0,0.0,0.0
330003,k__Bacteria; p__Firmicutes; c__Bacilli; o__Lactobacillales; f__Lactobacillaceae; g__Lactobacillus; s__reuteri,0.0,0.0,0.0,0.0,0.0,0.0,0.0
3168538,k__Bacteria; p__Bacteroidetes; c__Bacteroidia; o__Bacteroidales; f__Porphyromonadaceae; g__Parabacteroides; s__,0.0,0.0,0.0,0.0,0.0,0.0,0.0
2345009,k__Bacteria; p__Proteobacteria; c__Gammaproteobacteria; o__Pseudomonadales; f__Pseudomonadaceae; g__Pseudomonas; s__veronii,0.0,0.0,0.0,0.0,0.0,0.0,0.0
753638,k__Bacteria; p__Firmicutes; c__Clostridia; o__Clostridiales; f__Veillonellaceae; g__Dialister; s__,0.0,0.0,0.0,0.0,0.0,0.0,0.0
4030370,k__Bacteria; p__Firmicutes; c__Erysipelotrichi; o__Erysipelotrichales; f__Erysipelotrichaceae; g__Bulleidia; s__moorei,0.0,0.0,0.0,0.0,0.0,0.0,0.0
4298825,k__Bacteria; p__Proteobacteria; c__Gammaproteobacteria; o__Pasteurellales; f__Pasteurellaceae; g__Haemophilus; s__parainfluenzae,0.0,0.0,0.0,0.0,0.0,0.0,0.0
4407174,k__Bacteria; p__Bacteroidetes; c__Bacteroidia; o__Bacteroidales; f__Bacteroidaceae; g__Bacteroides; s__uniformis,0.0,0.0,0.0,0.0,0.0,0.0,0.0
589182,k__Bacteria; p__Firmicutes; c__Bacilli; o__Lactobacillales; f__Lactobacillaceae; g__Lactobacillus; s__,0.0,1.0,0.0,0.0,0.0,0.0,0.0
1084040,k__Bacteria; p__Firmicutes; c__Clostridia; o__Clostridiales; f__[Tissierellaceae]; g__Finegoldia; s__,0.0,0.0,0.0,0.0,0.0,0.0,0.0
578968,k__Bacteria; p__Firmicutes; c__Bacilli; o__Lactobacillales; f__Lactobacillaceae; g__Lactobacillus; s__,0.0,0.0,0.0,0.0,0.0,0.0,0.0
519795,k__Bacteria; p__Firmicutes; c__Bacilli; o__Bacillales; f__Planococcaceae; g__; s__,0.0,0.0,0.0,0.0,0.0,0.0,0.0
554883,k__Bacteria; p__Firmicutes; c__Clostridia; o__Clostridiales; f__Ruminococcaceae; g__; s__,0.0,0.0,0.0,0.0,0.0,0.0,0.0
4449323,k__Bacteria; p__Actinobacteria; c__Actinobacteria; o__Bifidobacteriales; f__Bifidobacteriaceae; g__Alloscardovia; s__,0.0,0.0,0.0,0.0,0.0,0.0,0.0
314577,k__Bacteria; p__Firmicutes; c__Bacilli; o__Lactobacillales; f__Lactobacillaceae; g__Lactobacillus; s__,0.0,0.0,0.0,0.0,0.0,0.0,0.0
13445,k__Bacteria; p__Actinobacteria; c__Actinobacteria; o__Actinomycetales; f__Corynebacteriaceae; g__Corynebacterium; s__,0.0,0.0,0.0,0.0,0.0,0.0,0.0
1114415,k__Bacteria; p__Firmicutes; c__Clostridia; o__Clostridiales; f__Lachnospiraceae; g__[Ruminococcus]; s__gnavus,0.0,0.0,0.0,0.0,0.0,0.0,0.0
4452640,k__Bacteria; p__Firmicutes; c__Clostridia; o__Clostridiales; f__Lachnospiraceae; g__; s__,0.0,0.0,0.0,0.0,0.0,0.0,0.0
93356,k__Bacteria; p__Proteobacteria; c__Epsilonproteobacteria; o__Campylobacterales; f__Helicobacteraceae; g__Helicobacter; s__pylori,0.0,0.0,0.0,0.0,0.0,0.0,0.0
4459634,k__Bacteria; p__Firmicutes; c__Clostridia; o__Clostridiales; f__Clostridiaceae; g__Clostridium; s__,0.0,0.0,0.0,0.0,0.0,0.0,0.0
3860764,k__Bacteria; p__Proteobacteria; c__Gammaproteobacteria; o__Pseudomonadales; f__Pseudomonadaceae; g__Pseudomonas; s__veronii,0.0,0.0,0.0,0.0,0.0,1.0,1.0
879645,k__Bacteria; p__Firmicutes; c__Clostridia; o__Clostridiales; f__[Tissierellaceae]; g__Peptoniphilus; s__,0.0,0.0,0.0,0.0,0.0,0.0,0.0
254888,k__Bacteria; p__Proteobacteria; c__Betaproteobacteria; o__Burkholderiales; f__Comamonadaceae; g__; s__,2.0,0.0,0.0,0.0,1.0,3.0,1.0
4476388,k__Bacteria; p__Proteobacteria; c__Gammaproteobacteria; o__Enterobacteriales; f__Enterobacteriaceae; g__Klebsiella; s__,0.0,0.0,0.0,0.0,0.0,0.0,0.0
302846,k__Bacteria; p__Proteobacteria; c__Gammaproteobacteria; o__Enterobacteriales; f__Enterobacteriaceae; g__; s__,0.0,0.0,0.0,0.0,0.0,0.0,0.0
4317644,k__Bacteria; p__Firmicutes; c__Bacilli; o__Lactobacillales; f__Streptococcaceae; g__Streptococcus; s__,0.0,0.0,0.0,0.0,0.0,0.0,0.0
963964,k__Bacteria; p__Firmicutes; c__Bacilli; o__Bacillales; f__Staphylococcaceae; g__Staphylococcus; s__,0.0,0.0,0.0,0.0,0.0,0.0,0.0
4477238,k__Bacteria; p__Bacteroidetes; c__Flavobacteriia; o__Flavobacteriales; f__[Weeksellaceae]; g__; s__,0.0,0.0,0.0,0.0,0.0,0.0,0.0
471157,k__Bacteria; p__Actinobacteria; c__Coriobacteriia; o__Coriobacteriales; f__Coriobacteriaceae; g__Slackia; s__,0.0,0.0,0.0,0.0,0.0,0.0,0.0
4476547,k__Bacteria; p__Proteobacteria; c__Betaproteobacteria; o__Burkholderiales; f__Oxalobacteraceae; g__; s__,1.0,0.0,0.0,0.0,0.0,1.0,2.0
134019,k__Bacteria; p__Firmicutes; c__Bacilli; o__Lactobacillales; f__Lactobacillaceae; g__Lactobacillus; s__iners,0.0,0.0,0.0,0.0,0.0,0.0,0.0
370225,k__Bacteria; p__Actinobacteria; c__Actinobacteria; o__Bifidobacteriales; f__Bifidobacteriaceae; g__Bifidobacterium; s__adolescentis,0.0,0.0,0.0,0.0,0.0,0.0,0.0
4476363,k__Bacteria; p__Proteobacteria; c__Gammaproteobacteria; o__Pseudomonadales; f__Moraxellaceae; g__Enhydrobacter; s__,0.0,0.0,0.0,0.0,0.0,0.0,0.0
1100471,k__Bacteria; p__Firmicutes; c__Clostridia; o__Clostridiales; f__[Tissierellaceae]; g__Peptoniphilus; s__,0.0,0.0,0.0,0.0,0.0,0.0,0.0
1003210,k__Bacteria; p__Firmicutes; c__Clostridia; o__Clostridiales; f__[Tissierellaceae]; g__Anaerococcus; s__,0.0,0.0,0.0,0.0,0.0,0.0,0.0
4389944,k__Bacteria; p__Firmicutes; c__Clostridia; o__Clostridiales; f__[Tissierellaceae]; g__ph2; s__,0.0,0.0,0.0,0.0,0.0,0.0,0.0
1055711,k__Bacteria; p__Bacteroidetes; c__Bacteroidia; o__Bacteroidales; f__Porphyromonadaceae; g__Porphyromonas; s__,0.0,0.0,0.0,0.0,0.0,0.0,0.0
811257,k__Bacteria; p__Proteobacteria; c__Alphaproteobacteria; o__Caulobacterales; f__Caulobacteraceae; g__Caulobacter; s__,0.0,0.0,0.0,0.0,0.0,0.0,0.0
443620,k__Bacteria; p__Firmicutes; c__Clostridia; o__Clostridiales; f__Ruminococcaceae; g__Oscillospira; s__,0.0,0.0,0.0,0.0,0.0,0.0,0.0
591815,k__Bacteria; p__Firmicutes; c__Bacilli; o__Lactobacillales; f__Lactobacillaceae; g__Lactobacillus; s__,0.0,0.0,0.0,0.0,0.0,0.0,0.0
109633,k__Bacteria; p__Firmicutes; c__Clostridia; o__Clostridiales; f__Eubacteriaceae; g__Pseudoramibacter_Eubacterium; s__,0.0,0.0,0.0,0.0,0.0,0.0,0.0
258477,k__Bacteria; p__Tenericutes; c__Mollicutes; o__Mycoplasmatales; f__Mycoplasmataceae; g__Ureaplasma; s__,0.0,0.0,0.0,0.0,1.0,0.0,0.0
4483556,k__Bacteria; p__Actinobacteria; c__Actinobacteria; o__Actinomycetales; f__Micrococcaceae; g__Rothia; s__aeria,0.0,0.0,0.0,0.0,0.0,0.0,0.0
2661885,k__Bacteria; p__Firmicutes; c__Clostridia; o__Clostridiales; f__Lachnospiraceae; g__; s__,0.0,0.0,0.0,0.0,0.0,0.0,0.0
308047,k__Bacteria; p__Firmicutes; c__Bacilli; o__Lactobacillales; f__Lactobacillaceae; g__Lactobacillus; s__,0.0,0.0,0.0,0.0,0.0,0.0,0.0
3154070,k__Bacteria; p__Bacteroidetes; c__Bacteroidia; o__Bacteroidales; f__Bacteroidaceae; g__Bacteroides; s__,0.0,0.0,0.0,0.0,0.0,0.0,0.0
358019,k__Bacteria; p__Actinobacteria; c__Actinobacteria; o__Actinomycetales; f__Corynebacteriaceae; g__Corynebacterium; s__,0.0,0.0,0.0,0.0,0.0,0.0,0.0
1727065,k__Bacteria; p__Proteobacteria; c__Gammaproteobacteria; o__Pasteurellales; f__Pasteurellaceae; g__Haemophilus; s__parainfluenzae,0.0,0.0,0.0,0.0,0.0,0.0,0.0
495017,k__Bacteria; p__Bacteroidetes; c__Bacteroidia; o__Bacteroidales; f__Porphyromonadaceae; g__Porphyromonas; s__,0.0,0.0,0.0,0.0,0.0,0.0,0.0
567972,k__Bacteria; p__Firmicutes; c__Bacilli; o__Lactobacillales; f__Streptococcaceae; g__Streptococcus; s__agalactiae,0.0,0.0,0.0,0.0,0.0,0.0,0.0
4320176,k__Bacteria; p__Firmicutes; c__Bacilli; o__Lactobacillales; f__Carnobacteriaceae; g__Granulicatella; s__,0.0,0.0,0.0,0.0,0.0,0.0,0.0
495394,k__Bacteria; p__Bacteroidetes; c__Bacteroidia; o__Bacteroidales; f__Prevotellaceae; g__Prevotella; s__,0.0,0.0,0.0,0.0,0.0,0.0,0.0
256327,k__Bacteria; p__Firmicutes; c__Clostridia; o__Clostridiales; f__Clostridiaceae; g__Clostridium; s__perfringens,0.0,0.0,0.0,0.0,0.0,0.0,0.0
20396,k__Bacteria; p__Firmicutes; c__Bacilli; o__Turicibacterales; f__Turicibacteraceae; g__Turicibacter; s__,0.0,0.0,0.0,0.0,0.0,0.0,0.0
1111342,k__Bacteria; p__Proteobacteria; c__Betaproteobacteria; o__Burkholderiales; f__Oxalobacteraceae; g__; s__,2092.0,186.0,921.0,182.0,303.0,2628.0,3990.0
859232,k__Bacteria; p__Firmicutes; c__Bacilli; o__Bacillales; f__Staphylococcaceae; g__Staphylococcus; s__,0.0,0.0,0.0,0.0,0.0,0.0,0.0
1134896,k__Bacteria; p__Actinobacteria; c__Actinobacteria; o__Actinomycetales; f__Brevibacteriaceae; g__Brevibacterium; s__,0.0,0.0,0.0,0.0,0.0,0.0,0.0
132934,k__Bacteria; p__Firmicutes; c__Bacilli; o__Lactobacillales; f__Lactobacillaceae; g__Lactobacillus; s__,0.0,0.0,0.0,0.0,0.0,0.0,0.0
547661,k__Bacteria; p__Proteobacteria; c__Gammaproteobacteria; o__Pseudomonadales; f__Pseudomonadaceae; g__Pseudomonas; s__,0.0,0.0,0.0,0.0,0.0,0.0,0.0
4339358,k__Bacteria; p__Proteobacteria; c__Alphaproteobacteria; o__Caulobacterales; f__Caulobacteraceae; g__; s__,0.0,0.0,0.0,0.0,0.0,1.0,0.0
2633341,k__Bacteria; p__Proteobacteria; c__Gammaproteobacteria; o__Pseudomonadales; f__Pseudomonadaceae; g__Pseudomonas; s__veronii,0.0,0.0,0.0,0.0,1.0,1.0,0.0
4352931,k__Bacteria; p__Actinobacteria; c__Actinobacteria; o__Actinomycetales; f__Micrococcaceae; g__Rothia; s__mucilaginosa,0.0,0.0,0.0,0.0,0.0,0.0,0.0
4412107,k__Bacteria; p__Firmicutes; c__Clostridia; o__Clostridiales; f__[Tissierellaceae]; g__Peptoniphilus; s__,0.0,0.0,0.0,0.0,0.0,0.0,0.0
134792,k__Bacteria; p__Firmicutes; c__Bacilli; o__Lactobacillales; f__Lactobacillaceae; g__Lactobacillus; s__,0.0,53.0,58.0,0.0,0.0,0.0,0.0
92771,k__Bacteria; p__Firmicutes; c__Bacilli; o__Lactobacillales; f__Lactobacillaceae; g__Lactobacillus; s__,0.0,0.0,0.0,0.0,0.0,0.0,0.0
4474983,k__Bacteria; p__Actinobacteria; c__Actinobacteria; o__Actinomycetales; f__Propionibacteriaceae; g__Propionibacterium; s__,0.0,0.0,0.0,0.0,0.0,0.0,0.0
183870,k__Bacteria; p__Bacteroidetes; c__Bacteroidia; o__Bacteroidales; f__Bacteroidaceae; g__Bacteroides; s__uniformis,0.0,0.0,0.0,0.0,0.0,0.0,0.0
3597999,k__Bacteria; p__Proteobacteria; c__Gammaproteobacteria; o__Pasteurellales; f__Pasteurellaceae; g__Haemophilus; s__parainfluenzae,0.0,0.0,0.0,0.0,0.0,0.0,0.0
851925,k__Bacteria; p__Firmicutes; c__Bacilli; o__Lactobacillales; f__Lactobacillaceae; g__Lactobacillus; s__iners,17.0,13.0,11.0,7428.0,4873.0,0.0,0.0
531118,k__Bacteria; p__Firmicutes; c__Clostridia; o__Clostridiales; f__Clostridiaceae; g__Clostridium; s__,0.0,0.0,0.0,0.0,0.0,0.0,0.0
137183,k__Bacteria; p__Actinobacteria; c__Actinobacteria; o__Bifidobacteriales; f__Bifidobacteriaceae; g__Gardnerella; s__,0.0,0.0,0.0,1.0,1.0,4.0,0.0
4376650,k__Bacteria; p__Bacteroidetes; c__Bacteroidia; o__Bacteroidales; f__Rikenellaceae; g__; s__,0.0,0.0,0.0,0.0,0.0,0.0,0.0
14278,k__Bacteria; p__Firmicutes; c__Clostridia; o__Clostridiales; f__[Tissierellaceae]; g__Peptoniphilus; s__,1.0,0.0,0.0,0.0,0.0,0.0,0.0
468387,k__Bacteria; p__Firmicutes; c__Clostridia; o__Clostridiales; f__[Tissierellaceae]; g__Anaerococcus; s__,0.0,0.0,0.0,0.0,0.0,0.0,0.0
4397804,k__Bacteria; p__Actinobacteria; c__Actinobacteria; o__Actinomycetales; f__Actinomycetaceae; g__Actinomyces; s__,0.0,0.0,0.0,0.0,0.0,0.0,0.0
1097113,k__Bacteria; p__Firmicutes; c__Clostridia; o__Clostridiales; f__[Tissierellaceae]; g__Anaerococcus; s__,0.0,0.0,0.0,0.0,0.0,0.0,0.0
226703,k__Bacteria; p__Firmicutes; c__Clostridia; o__Clostridiales; f__[Tissierellaceae]; g__Parvimonas; s__,0.0,0.0,0.0,0.0,0.0,0.0,0.0
4296273,k__Bacteria; p__Proteobacteria; c__Gammaproteobacteria; o__Pasteurellales; f__Pasteurellaceae; g__Haemophilus; s__parainfluenzae,0.0,0.0,0.0,0.0,0.0,0.0,0.0
3587419,k__Bacteria; p__Firmicutes; c__Clostridia; o__Clostridiales; f__Clostridiaceae; g__Clostridium; s__,0.0,0.0,0.0,0.0,0.0,0.0,0.0
573344,k__Bacteria; p__Firmicutes; c__Bacilli; o__Lactobacillales; f__Lactobacillaceae; g__Lactobacillus; s__helveticus,0.0,0.0,0.0,0.0,0.0,0.0,0.0
1058762,k__Bacteria; p__Actinobacteria; c__Actinobacteria; o__Actinomycetales; f__Microbacteriaceae; g__Pseudoclavibacter; s__bifida,0.0,0.0,0.0,0.0,0.0,0.0,0.0
4470163,k__Bacteria; p__Firmicutes; c__Clostridia; o__Clostridiales; f__Ruminococcaceae; g__; s__,0.0,0.0,0.0,0.0,0.0,0.0,0.0
3826599,k__Bacteria; p__Firmicutes; c__Bacilli; o__Lactobacillales; f__Lactobacillaceae; g__Lactobacillus; s__,0.0,2.0,1.0,0.0,0.0,0.0,0.0
1821623,k__Bacteria; p__Firmicutes; c__Clostridia; o__Clostridiales; f__Lachnospiraceae; g__Dorea; s__,0.0,0.0,0.0,0.0,0.0,0.0,0.0
986091,k__Bacteria; p__Firmicutes; c__Clostridia; o__Clostridiales; f__[Tissierellaceae]; g__Anaerococcus; s__,0.0,0.0,0.0,0.0,0.0,0.0,0.0
227285,k__Bacteria; p__Bacteroidetes; c__Bacteroidia; o__Bacteroidales; f__Prevotellaceae; g__Prevotella; s__,0.0,0.0,0.0,0.0,0.0,0.0,0.0
4333259,k__Bacteria; p__Actinobacteria; c__Actinobacteria; o__Actinomycetales; f__Actinomycetaceae; g__Actinomyces; s__,0.0,0.0,0.0,0.0,0.0,0.0,0.0
584170,k__Bacteria; p__Proteobacteria; c__Betaproteobacteria; o__Burkholderiales; f__Oxalobacteraceae; g__Herbaspirillum; s__,0.0,0.0,0.0,0.0,0.0,0.0,0.0
542066,k__Bacteria; p__Actinobacteria; c__Actinobacteria; o__Actinomycetales; f__; g__; s__,0.0,0.0,0.0,0.0,0.0,0.0,0.0
4335515,k__Bacteria; p__Proteobacteria; c__Gammaproteobacteria; o__Pasteurellales; f__Pasteurellaceae; g__Haemophilus; s__parainfluenzae,0.0,0.0,0.0,0.0,0.0,0.0,0.0
4326277,k__Bacteria; p__Firmicutes; c__Bacilli; o__Gemellales; f__Gemellaceae; g__; s__,0.0,0.0,0.0,0.0,0.0,0.0,0.0
130264,k__Bacteria; p__Firmicutes; c__Bacilli; o__Lactobacillales; f__Lactobacillaceae; g__Lactobacillus; s__,0.0,0.0,0.0,0.0,0.0,0.0,0.0
323783,k__Bacteria; p__Firmicutes; c__Bacilli; o__Lactobacillales; f__Lactobacillaceae; g__Lactobacillus; s__reuteri,0.0,0.0,0.0,0.0,0.0,0.0,0.0
250331,k__Bacteria; p__Actinobacteria; c__Actinobacteria; o__Actinomycetales; f__; g__; s__,0.0,0.0,0.0,0.0,0.0,0.0,0.0
4347036,k__Bacteria; p__Firmicutes; c__Bacilli; o__Lactobacillales; f__Streptococcaceae; g__Streptococcus; s__,3.0,0.0,0.0,0.0,0.0,0.0,0.0
4311303,k__Bacteria; p__Proteobacteria; c__Gammaproteobacteria; o__Pasteurellales; f__Pasteurellaceae; g__Haemophilus; s__parainfluenzae,0.0,0.0,0.0,0.0,0.0,0.0,0.0
141396,k__Bacteria; p__Proteobacteria; c__Gammaproteobacteria; o__Pseudomonadales; f__Pseudomonadaceae; g__Pseudomonas; s__veronii,0.0,0.0,0.0,0.0,0.0,0.0,0.0
684433,k__Bacteria; p__Proteobacteria; c__Gammaproteobacteria; o__Enterobacteriales; f__Enterobacteriaceae; g__; s__,0.0,0.0,0.0,0.0,0.0,0.0,0.0
4476280,k__Bacteria; p__Firmicutes; c__Clostridia; o__Clostridiales; f__Veillonellaceae; g__Veillonella; s__parvula,0.0,0.0,0.0,0.0,0.0,0.0,0.0
134528,k__Bacteria; p__Firmicutes; c__Clostridia; o__Clostridiales; f__Clostridiaceae; g__Clostridium; s__,0.0,0.0,0.0,17.0,0.0,0.0,0.0
4436085,k__Bacteria; p__Proteobacteria; c__Alphaproteobacteria; o__Sphingomonadales; f__Sphingomonadaceae; g__Blastomonas; s__,0.0,0.0,0.0,0.0,0.0,1.0,0.0
2959075,k__Bacteria; p__Firmicutes; c__Bacilli; o__Lactobacillales; f__Streptococcaceae; g__Streptococcus; s__,0.0,0.0,0.0,0.0,0.0,0.0,0.0
370309,k__Bacteria; p__Firmicutes; c__Clostridia; o__Clostridiales; f__[Tissierellaceae]; g__Anaerococcus; s__,0.0,1.0,0.0,0.0,0.0,0.0,0.0
1081372,k__Bacteria; p__Firmicutes; c__Clostridia; o__Clostridiales; f__[Tissierellaceae]; g__WAL_1855D; s__,0.0,0.0,0.0,5.0,0.0,0.0,0.0
4337852,k__Bacteria; p__Firmicutes; c__Bacilli; o__Lactobacillales; f__Lactobacillaceae; g__Lactobacillus; s__,0.0,0.0,0.0,0.0,0.0,0.0,0.0
354971,k__Bacteria; p__Firmicutes; c__Bacilli; o__Lactobacillales; f__Lactobacillaceae; g__Lactobacillus; s__,0.0,0.0,0.0,0.0,0.0,0.0,0.0
4324276,k__Bacteria; p__Firmicutes; c__Bacilli; o__Gemellales; f__Gemellaceae; g__; s__,0.0,0.0,0.0,0.0,0.0,0.0,0.0
198587,k__Bacteria; p__Firmicutes; c__Clostridia; o__Clostridiales; f__Ruminococcaceae; g__; s__,0.0,0.0,0.0,0.0,0.0,0.0,0.0
403822,k__Bacteria; p__Bacteroidetes; c__Bacteroidia; o__Bacteroidales; f__Prevotellaceae; g__Prevotella; s__,0.0,0.0,0.0,0.0,0.0,3.0,0.0
741701,k__Bacteria; p__Bacteroidetes; c__Bacteroidia; o__Bacteroidales; f__Prevotellaceae; g__Prevotella; s__,0.0,0.0,0.0,0.0,0.0,0.0,0.0
714461,k__Bacteria; p__Fusobacteria; c__Fusobacteriia; o__Fusobacteriales; f__Leptotrichiaceae; g__Leptotrichia; s__,0.0,0.0,0.0,0.0,0.0,0.0,0.0
274810,k__Bacteria; p__Firmicutes; c__Bacilli; o__Lactobacillales; f__Streptococcaceae; g__Streptococcus; s__,0.0,0.0,0.0,0.0,0.0,0.0,0.0
335044,k__Bacteria; p__Firmicutes; c__Bacilli; o__Lactobacillales; f__Lactobacillaceae; g__Lactobacillus; s__,0.0,0.0,0.0,0.0,0.0,0.0,0.0
320558,k__Bacteria; p__Firmicutes; c__Bacilli; o__Lactobacillales; f__Lactobacillaceae; g__Lactobacillus; s__,0.0,0.0,0.0,0.0,0.0,0.0,0.0
2881531,k__Bacteria; p__Firmicutes; c__Clostridia; o__Clostridiales; f__Peptostreptococcaceae; g__; s__,0.0,0.0,0.0,0.0,0.0,0.0,0.0
2317377,k__Bacteria; p__Proteobacteria; c__Gammaproteobacteria; o__Pseudomonadales; f__Pseudomonadaceae; g__Pseudomonas; s__,590.0,45.0,250.0,75.0,81.0,735.0,979.0
4312340,k__Bacteria; p__Proteobacteria; c__Gammaproteobacteria; o__Pasteurellales; f__Pasteurellaceae; g__Haemophilus; s__parainfluenzae,0.0,0.0,0.0,0.0,0.0,0.0,0.0
1124877,k__Bacteria; p__Actinobacteria; c__Coriobacteriia; o__Coriobacteriales; f__Coriobacteriaceae; g__Atopobium; s__,0.0,0.0,0.0,0.0,0.0,0.0,0.0
35920,k__Bacteria; p__Firmicutes; c__Bacilli; o__Lactobacillales; f__Lactobacillaceae; g__Lactobacillus; s__,0.0,0.0,0.0,0.0,0.0,0.0,0.0
129551,k__Bacteria; p__Firmicutes; c__Bacilli; o__Lactobacillales; f__Lactobacillaceae; g__Lactobacillus; s__,18.0,6.0,4.0,0.0,0.0,0.0,0.0
4305035,k__Bacteria; p__Firmicutes; c__Bacilli; o__Lactobacillales; f__Carnobacteriaceae; g__Granulicatella; s__,0.0,0.0,0.0,0.0,0.0,0.0,0.0
984303,k__Bacteria; p__Firmicutes; c__Clostridia; o__Clostridiales; f__[Tissierellaceae]; g__Peptoniphilus; s__,0.0,0.0,0.0,0.0,0.0,0.0,0.0
955213,k__Bacteria; p__Firmicutes; c__Bacilli; o__Lactobacillales; f__Lactobacillaceae; g__Lactobacillus; s__iners,0.0,0.0,0.0,1.0,0.0,0.0,0.0
755148,k__Bacteria; p__Firmicutes; c__Clostridia; o__Clostridiales; f__[Tissierellaceae]; g__1-68; s__,0.0,0.0,0.0,0.0,0.0,0.0,0.0
197535,k__Bacteria; p__Firmicutes; c__Clostridia; o__Clostridiales; f__Lachnospiraceae; g__; s__,0.0,0.0,0.0,0.0,0.0,0.0,1.0
4294838,k__Bacteria; p__Firmicutes; c__Clostridia; o__Clostridiales; f__Lachnospiraceae; g__Moryella; s__,0.0,0.0,0.0,0.0,0.0,0.0,0.0
4458418,k__Bacteria; p__Actinobacteria; c__Actinobacteria; o__Actinomycetales; f__Nocardiaceae; g__Rhodococcus; s__fascians,0.0,0.0,0.0,0.0,0.0,0.0,0.0
864008,k__Bacteria; p__Bacteroidetes; c__Bacteroidia; o__Bacteroidales; f__Prevotellaceae; g__Prevotella; s__,0.0,0.0,0.0,0.0,0.0,0.0,0.0
4200918,k__Bacteria; p__Firmicutes; c__Bacilli; o__Lactobacillales; f__Lactobacillaceae; g__Lactobacillus; s__,0.0,0.0,0.0,0.0,0.0,0.0,0.0
170594,k__Bacteria; p__Firmicutes; c__Bacilli; o__Lactobacillales; f__Lactobacillaceae; g__Lactobacillus; s__reuteri,0.0,0.0,0.0,0.0,0.0,0.0,0.0
1009028,k__Bacteria; p__Actinobacteria; c__Actinobacteria; o__Actinomycetales; f__Corynebacteriaceae; g__Corynebacterium; s__,0.0,0.0,0.0,0.0,0.0,0.0,0.0
903184,k__Bacteria; p__Firmicutes; c__Bacilli; o__Gemellales; f__Gemellaceae; g__Gemella; s__,0.0,0.0,0.0,5.0,0.0,0.0,0.0
354256,k__Bacteria; p__Firmicutes; c__Bacilli; o__Lactobacillales; f__Lactobacillaceae; g__Lactobacillus; s__reuteri,0.0,0.0,0.0,0.0,0.0,0.0,0.0
4346956,k__Bacteria; p__Firmicutes; c__Clostridia; o__Clostridiales; f__; g__; s__,0.0,0.0,0.0,0.0,1.0,0.0,0.0
851668,k__Bacteria; p__Bacteroidetes; c__Bacteroidia; o__Bacteroidales; f__Prevotellaceae; g__Prevotella; s__,0.0,0.0,0.0,0.0,0.0,0.0,0.0
311151,k__Bacteria; p__Firmicutes; c__Bacilli; o__Lactobacillales; f__Lactobacillaceae; g__Lactobacillus; s__reuteri,0.0,0.0,0.0,0.0,0.0,0.0,0.0
4480831,k__Bacteria; p__Firmicutes; c__Bacilli; o__Lactobacillales; f__Streptococcaceae; g__Streptococcus; s__,0.0,0.0,0.0,0.0,0.0,0.0,0.0
358063,k__Bacteria; p__Actinobacteria; c__Actinobacteria; o__Actinomycetales; f__Actinomycetaceae; g__Varibaculum; s__,0.0,0.0,0.0,0.0,0.0,0.0,0.0
687142,k__Bacteria; p__Proteobacteria; c__Gammaproteobacteria; o__Enterobacteriales; f__Enterobacteriaceae; g__; s__,0.0,0.0,0.0,0.0,0.0,0.0,0.0
851667,k__Bacteria; p__Actinobacteria; c__Coriobacteriia; o__Coriobacteriales; f__Coriobacteriaceae; g__Atopobium; s__rimae,0.0,0.0,0.0,0.0,0.0,0.0,0.0
590725,k__Bacteria; p__Firmicutes; c__Bacilli; o__Lactobacillales; f__Lactobacillaceae; g__Lactobacillus; s__plantarum,1.0,0.0,0.0,0.0,0.0,0.0,0.0
540997,k__Bacteria; p__Firmicutes; c__Bacilli; o__Lactobacillales; f__Lactobacillaceae; g__Lactobacillus; s__,0.0,0.0,0.0,0.0,0.0,0.0,0.0
4438201,k__Bacteria; p__Proteobacteria; c__Gammaproteobacteria; o__Pseudomonadales; f__Pseudomonadaceae; g__Pseudomonas; s__,0.0,0.0,0.0,0.0,0.0,0.0,0.0
4460404,k__Bacteria; p__Bacteroidetes; c__Bacteroidia; o__Bacteroidales; f__Prevotellaceae; g__Prevotella; s__melaninogenica,0.0,0.0,0.0,0.0,0.0,0.0,0.0
4452031,k__Bacteria; p__Bacteroidetes; c__Bacteroidia; o__Bacteroidales; f__Porphyromonadaceae; g__Parabacteroides; s__distasonis,0.0,0.0,0.0,0.0,0.0,0.0,0.0
1051681,k__Bacteria; p__Actinobacteria; c__Actinobacteria; o__Actinomycetales; f__Propionibacteriaceae; g__Propionibacterium; s__acnes,0.0,0.0,0.0,0.0,0.0,0.0,0.0
11298,k__Bacteria; p__Fusobacteria; c__Fusobacteriia; o__Fusobacteriales; f__Leptotrichiaceae; g__Sneathia; s__,0.0,0.0,0.0,0.0,0.0,0.0,0.0
4479453,k__Bacteria; p__Bacteroidetes; c__Bacteroidia; o__Bacteroidales; f__Bacteroidaceae; g__Bacteroides; s__,0.0,0.0,0.0,0.0,0.0,0.0,0.0
1075143,k__Bacteria; p__Firmicutes; c__Clostridia; o__Clostridiales; f__Veillonellaceae; g__Dialister; s__,0.0,0.0,0.0,0.0,0.0,0.0,0.0
133178,k__Bacteria; p__Actinobacteria; c__Coriobacteriia; o__Coriobacteriales; f__Coriobacteriaceae; g__; s__,0.0,0.0,0.0,55.0,6.0,0.0,0.0
326180,k__Bacteria; p__Firmicutes; c__Bacilli; o__Lactobacillales; f__Lactobacillaceae; g__Lactobacillus; s__,0.0,0.0,0.0,0.0,0.0,0.0,0.0
851917,k__Bacteria; p__Bacteroidetes; c__Bacteroidia; o__Bacteroidales; f__Prevotellaceae; g__Prevotella; s__,0.0,0.0,0.0,3.0,0.0,0.0,0.0
560790,k__Bacteria; p__Firmicutes; c__Bacilli; o__Lactobacillales; f__Lactobacillaceae; g__Lactobacillus; s__,0.0,0.0,0.0,0.0,0.0,0.0,0.0
4440643,k__Bacteria; p__Actinobacteria; c__Actinobacteria; o__Actinomycetales; f__Corynebacteriaceae; g__Corynebacterium; s__,0.0,0.0,0.0,0.0,0.0,0.0,0.0
15128,k__Bacteria; p__Firmicutes; c__Bacilli; o__Lactobacillales; f__Lactobacillaceae; g__Lactobacillus; s__,0.0,2.0,1.0,0.0,0.0,0.0,0.0
3991007,k__Bacteria; p__Bacteroidetes; c__Bacteroidia; o__Bacteroidales; f__Bacteroidaceae; g__Bacteroides; s__,0.0,0.0,0.0,0.0,0.0,0.0,0.0
4410960,k__Bacteria; p__Firmicutes; c__Bacilli; o__Lactobacillales; f__Enterococcaceae; g__Enterococcus; s__,1.0,0.0,0.0,0.0,0.0,0.0,0.0
4317815,k__Bacteria; p__Fusobacteria; c__Fusobacteriia; o__Fusobacteriales; f__Fusobacteriaceae; g__Fusobacterium; s__,0.0,0.0,0.0,0.0,0.0,0.0,0.0
4430692,k__Bacteria; p__Firmicutes; c__Clostridia; o__Clostridiales; f__[Tissierellaceae]; g__Anaerococcus; s__,0.0,0.0,0.0,0.0,0.0,0.0,0.0
179807,k__Bacteria; p__Firmicutes; c__Clostridia; o__Clostridiales; f__Lachnospiraceae; g__Blautia; s__,0.0,0.0,0.0,0.0,0.0,0.0,0.0
261894,k__Bacteria; p__Firmicutes; c__Clostridia; o__Clostridiales; f__Ruminococcaceae; g__Oscillospira; s__,0.0,0.0,0.0,0.0,0.0,0.0,0.0
4449236,k__Bacteria; p__Proteobacteria; c__Betaproteobacteria; o__Burkholderiales; f__Alcaligenaceae; g__Sutterella; s__,0.0,0.0,0.0,0.0,0.0,0.0,0.0
99904,k__Bacteria; p__Proteobacteria; c__Gammaproteobacteria; o__Pseudomonadales; f__Pseudomonadaceae; g__Pseudomonas; s__veronii,1.0,0.0,0.0,0.0,0.0,0.0,0.0
322250,k__Bacteria; p__Firmicutes; c__Bacilli; o__Lactobacillales; f__Lactobacillaceae; g__Lactobacillus; s__,0.0,2.0,0.0,0.0,0.0,0.0,0.0
2400907,k__Bacteria; p__Firmicutes; c__Clostridia; o__Clostridiales; f__Lachnospiraceae; g__Coprococcus; s__,0.0,0.0,0.0,0.0,0.0,0.0,0.0
129674,k__Bacteria; p__Firmicutes; c__Bacilli; o__Lactobacillales; f__Lactobacillaceae; g__Lactobacillus; s__,0.0,21.0,6.0,0.0,0.0,0.0,0.0
4437930,k__Bacteria; p__Bacteroidetes; c__Bacteroidia; o__Bacteroidales; f__Prevotellaceae; g__Prevotella; s__melaninogenica,0.0,0.0,0.0,0.0,0.0,0.0,0.0
4312797,k__Bacteria; p__Proteobacteria; c__Gammaproteobacteria; o__Pasteurellales; f__Pasteurellaceae; g__Haemophilus; s__parainfluenzae,0.0,0.0,0.0,0.0,0.0,0.0,0.0
968645,k__Bacteria; p__Firmicutes; c__Clostridia; o__Clostridiales; f__[Tissierellaceae]; g__Anaerococcus; s__,0.0,0.0,0.0,0.0,0.0,0.0,0.0
386273,k__Bacteria; p__Proteobacteria; c__Epsilonproteobacteria; o__Campylobacterales; f__Campylobacteraceae; g__Campylobacter; s__ureolyticus,0.0,0.0,0.0,0.0,0.0,0.0,0.0
471130,k__Bacteria; p__Actinobacteria; c__Actinobacteria; o__Actinomycetales; f__Corynebacteriaceae; g__Corynebacterium; s__,0.0,0.0,0.0,0.0,0.0,0.0,0.0
3634180,k__Bacteria; p__Proteobacteria; c__Betaproteobacteria; o__Burkholderiales; f__Alcaligenaceae; g__Alcaligenes; s__faecalis,1.0,0.0,0.0,0.0,0.0,0.0,0.0
963606,k__Bacteria; p__Firmicutes; c__Clostridia; o__Clostridiales; f__[Tissierellaceae]; g__Peptoniphilus; s__,0.0,0.0,0.0,0.0,0.0,0.0,0.0
4416659,k__Bacteria; p__Firmicutes; c__Bacilli; o__Lactobacillales; f__Lactobacillaceae; g__Lactobacillus; s__,0.0,0.0,0.0,0.0,0.0,0.0,0.0
288468,k__Bacteria; p__Firmicutes; c__Clostridia; o__Clostridiales; f__Clostridiaceae; g__; s__,0.0,0.0,0.0,0.0,0.0,0.0,0.0
185333,k__Bacteria; p__Firmicutes; c__Clostridia; o__Clostridiales; f__[Tissierellaceae]; g__Anaerococcus; s__,0.0,0.0,0.0,0.0,0.0,0.0,0.0
2311362,k__Bacteria; p__Proteobacteria; c__Gammaproteobacteria; o__Pseudomonadales; f__Pseudomonadaceae; g__Pseudomonas; s__veronii,45.0,4.0,13.0,5.0,5.0,58.0,68.0
1113632,k__Bacteria; p__Firmicutes; c__Clostridia; o__Clostridiales; f__Veillonellaceae; g__Dialister; s__,0.0,0.0,0.0,0.0,0.0,0.0,0.0
4365880,k__Bacteria; p__Actinobacteria; c__Actinobacteria; o__Actinomycetales; f__Actinomycetaceae; g__Varibaculum; s__,0.0,0.0,0.0,0.0,0.0,0.0,0.0
132512,k__Bacteria; p__Actinobacteria; c__Actinobacteria; o__Bifidobacteriales; f__Bifidobacteriaceae; g__Gardnerella; s__,0.0,1.0,1.0,1035.0,534.0,0.0,0.0
500541,k__Bacteria; p__Firmicutes; c__Bacilli; o__Lactobacillales; f__Lactobacillaceae; g__Lactobacillus; s__vaginalis,0.0,0.0,0.0,0.0,0.0,0.0,0.0
706766,k__Bacteria; p__Actinobacteria; c__Coriobacteriia; o__Coriobacteriales; f__Coriobacteriaceae; g__; s__,0.0,0.0,0.0,0.0,0.0,0.0,1.0
4483799,k__Bacteria; p__Firmicutes; c__Bacilli; o__Lactobacillales; f__Lactobacillaceae; g__Lactobacillus; s__,0.0,73.0,59.0,0.0,0.0,0.0,0.0
133861,k__Bacteria; p__Actinobacteria; c__Coriobacteriia; o__Coriobacteriales; f__Coriobacteriaceae; g__; s__,0.0,0.0,0.0,0.0,0.0,0.0,0.0
174387,k__Bacteria; p__Firmicutes; c__Clostridia; o__Clostridiales; f__Ruminococcaceae; g__Oscillospira; s__,0.0,0.0,0.0,0.0,0.0,0.0,0.0
134247,k__Bacteria; p__Firmicutes; c__Clostridia; o__Clostridiales; f__[Tissierellaceae]; g__Anaerococcus; s__,1.0,0.0,0.0,0.0,0.0,0.0,0.0
85594,k__Bacteria; p__Firmicutes; c__Clostridia; o__Clostridiales; f__Veillonellaceae; g__Veillonella; s__,0.0,0.0,0.0,0.0,0.0,0.0,0.0
131921,k__Bacteria; p__Firmicutes; c__Bacilli; o__Lactobacillales; f__Lactobacillaceae; g__Lactobacillus; s__,0.0,22.0,30.0,0.0,0.0,0.0,0.0
4355130,k__Bacteria; p__Firmicutes; c__Bacilli; o__Lactobacillales; f__Lactobacillaceae; g__Lactobacillus; s__,0.0,0.0,0.0,0.0,0.0,0.0,0.0
778794,k__Bacteria; p__Actinobacteria; c__Actinobacteria; o__Actinomycetales; f__Corynebacteriaceae; g__Corynebacterium; s__,0.0,0.0,0.0,0.0,0.0,0.0,0.0
522699,k__Bacteria; p__Firmicutes; c__Clostridia; o__Clostridiales; f__Ruminococcaceae; g__Oscillospira; s__,0.0,0.0,0.0,0.0,0.0,1.0,0.0
799884,k__Bacteria; p__Firmicutes; c__Bacilli; o__Lactobacillales; f__Streptococcaceae; g__Streptococcus; s__anginosus,0.0,0.0,0.0,0.0,0.0,0.0,0.0
553080,k__Bacteria; p__Firmicutes; c__Clostridia; o__Clostridiales; f__; g__; s__,0.0,0.0,0.0,0.0,0.0,0.0,0.0
1517772,k__Bacteria; p__Firmicutes; c__Bacilli; o__Lactobacillales; f__Lactobacillaceae; g__Lactobacillus; s__,0.0,0.0,0.0,0.0,0.0,0.0,0.0
590168,k__Bacteria; p__Firmicutes; c__Bacilli; o__Lactobacillales; f__Lactobacillaceae; g__Lactobacillus; s__,0.0,0.0,0.0,0.0,0.0,0.0,0.0
130495,k__Bacteria; p__Firmicutes; c__Clostridia; o__Clostridiales; f__Veillonellaceae; g__Dialister; s__,0.0,0.0,0.0,3.0,0.0,0.0,0.0
4325365,k__Bacteria; p__Firmicutes; c__Clostridia; o__Clostridiales; f__Peptostreptococcaceae; g__; s__,0.0,0.0,0.0,0.0,0.0,0.0,1.0
3599275,k__Bacteria; p__Proteobacteria; c__Gammaproteobacteria; o__Pasteurellales; f__Pasteurellaceae; g__Haemophilus; s__parainfluenzae,0.0,0.0,0.0,0.0,0.0,0.0,0.0
193233,k__Bacteria; p__Bacteroidetes; c__Bacteroidia; o__Bacteroidales; f__Bacteroidaceae; g__Bacteroides; s__,0.0,0.0,0.0,0.0,0.0,0.0,0.0
4327300,k__Bacteria; p__Firmicutes; c__Clostridia; o__Clostridiales; f__[Tissierellaceae]; g__Anaerococcus; s__,0.0,0.0,0.0,0.0,0.0,0.0,0.0
319144,k__Bacteria; p__Firmicutes; c__Bacilli; o__Lactobacillales; f__Lactobacillaceae; g__Lactobacillus; s__reuteri,0.0,0.0,0.0,1.0,0.0,0.0,0.0
218314,k__Bacteria; p__Proteobacteria; c__Gammaproteobacteria; o__Pseudomonadales; f__Pseudomonadaceae; g__Pseudomonas; s__veronii,0.0,0.0,0.0,0.0,0.0,0.0,0.0
3439403,k__Bacteria; p__Bacteroidetes; c__Bacteroidia; o__Bacteroidales; f__Bacteroidaceae; g__Bacteroides; s__,0.0,0.0,0.0,0.0,0.0,0.0,0.0
1051082,k__Bacteria; p__Firmicutes; c__Clostridia; o__Clostridiales; f__; g__; s__,0.0,0.0,0.0,0.0,0.0,0.0,0.0
13454,k__Bacteria; p__Actinobacteria; c__Actinobacteria; o__Actinomycetales; f__Corynebacteriaceae; g__Corynebacterium; s__,0.0,0.0,0.0,0.0,0.0,0.0,0.0
968342,k__Bacteria; p__Firmicutes; c__Clostridia; o__Clostridiales; f__[Tissierellaceae]; g__Anaerococcus; s__,0.0,0.0,0.0,0.0,0.0,0.0,0.0
1005936,k__Bacteria; p__Firmicutes; c__Clostridia; o__Clostridiales; f__[Tissierellaceae]; g__Anaerococcus; s__,0.0,0.0,0.0,0.0,0.0,0.0,0.0
4341440,k__Bacteria; p__Bacteroidetes; c__Bacteroidia; o__Bacteroidales; f__Porphyromonadaceae; g__Porphyromonas; s__,0.0,0.0,0.0,1.0,0.0,0.0,0.0
1903527,k__Bacteria; p__Firmicutes; c__Clostridia; o__Clostridiales; f__Veillonellaceae; g__Megasphaera; s__,0.0,0.0,0.0,6.0,0.0,0.0,0.0
4461054,k__Bacteria; p__Firmicutes; c__Clostridia; o__Clostridiales; f__Veillonellaceae; g__Veillonella; s__parvula,0.0,0.0,0.0,0.0,0.0,0.0,0.0
334819,k__Bacteria; p__Firmicutes; c__Bacilli; o__Lactobacillales; f__Lactobacillaceae; g__Lactobacillus; s__reuteri,0.0,0.0,0.0,0.0,0.0,0.0,0.0
4453501,k__Bacteria; p__Firmicutes; c__Clostridia; o__Clostridiales; f__Veillonellaceae; g__Veillonella; s__dispar,0.0,0.0,0.0,0.0,0.0,0.0,0.0
560855,k__Bacteria; p__Firmicutes; c__Bacilli; o__Lactobacillales; f__Lactobacillaceae; g__Lactobacillus; s__,0.0,0.0,0.0,0.0,0.0,0.0,0.0
254011,k__Bacteria; p__Firmicutes; c__Bacilli; o__Lactobacillales; f__Lactobacillaceae; g__Lactobacillus; s__,0.0,1.0,4.0,0.0,0.0,0.0,0.0
4458099,k__Bacteria; p__Proteobacteria; c__Betaproteobacteria; o__Burkholderiales; f__Alcaligenaceae; g__Sutterella; s__,0.0,0.0,0.0,0.0,0.0,1.0,1.0
3769085,k__Bacteria; p__Actinobacteria; c__Actinobacteria; o__Bifidobacteriales; f__Bifidobacteriaceae; g__Gardnerella; s__,3.0,0.0,0.0,6916.0,2075.0,9.0,0.0
133039,k__Bacteria; p__Firmicutes; c__Bacilli; o__Lactobacillales; f__Lactobacillaceae; g__Lactobacillus; s__,0.0,8.0,7.0,0.0,0.0,0.0,0.0
134738,k__Bacteria; p__Firmicutes; c__Bacilli; o__Lactobacillales; f__Lactobacillaceae; g__Lactobacillus; s__,0.0,0.0,0.0,2.0,0.0,0.0,0.0
4405360,k__Bacteria; p__Bacteroidetes; c__Bacteroidia; o__Bacteroidales; f__Porphyromonadaceae; g__Porphyromonas; s__,0.0,0.0,0.0,0.0,0.0,0.0,0.0
1682819,k__Bacteria; p__Proteobacteria; c__Gammaproteobacteria; o__Enterobacteriales; f__Enterobacteriaceae; g__; s__,0.0,0.0,0.0,0.0,0.0,0.0,0.0
3444723,k__Bacteria; p__Firmicutes; c__Bacilli; o__Lactobacillales; f__Streptococcaceae; g__Streptococcus; s__,0.0,0.0,0.0,0.0,2.0,0.0,0.0
4063709,k__Bacteria; p__Firmicutes; c__Bacilli; o__Lactobacillales; f__Lactobacillaceae; g__Lactobacillus; s__,0.0,1.0,0.0,0.0,0.0,0.0,0.0
1131720,k__Bacteria; p__Firmicutes; c__Clostridia; o__Clostridiales; f__Veillonellaceae; g__Veillonella; s__dispar,0.0,0.0,0.0,0.0,0.0,0.0,0.0
4402960,k__Bacteria; p__Bacteroidetes; c__Bacteroidia; o__Bacteroidales; f__Bacteroidaceae; g__Bacteroides; s__uniformis,0.0,0.0,0.0,0.0,0.0,0.0,0.0
68416,k__Bacteria; p__Bacteroidetes; c__Bacteroidia; o__Bacteroidales; f__Prevotellaceae; g__Prevotella; s__,0.0,0.0,0.0,0.0,0.0,0.0,0.0
469852,k__Bacteria; p__Actinobacteria; c__Actinobacteria; o__Bifidobacteriales; f__Bifidobacteriaceae; g__Bifidobacterium; s__bifidum,0.0,0.0,0.0,0.0,0.0,0.0,0.0
1089374,k__Bacteria; p__Firmicutes; c__Bacilli; o__Lactobacillales; f__Lactobacillaceae; g__Lactobacillus; s__hamsteri,0.0,4.0,7.0,0.0,0.0,0.0,0.0
427545,k__Bacteria; p__Firmicutes; c__Bacilli; o__Bacillales; f__Staphylococcaceae; g__Staphylococcus; s__,0.0,0.0,0.0,0.0,0.0,0.0,0.0
987875,k__Bacteria; p__Firmicutes; c__Bacilli; o__Lactobacillales; f__Streptococcaceae; g__Streptococcus; s__infantis,0.0,0.0,0.0,0.0,0.0,0.0,0.0
268205,k__Bacteria; p__Firmicutes; c__Bacilli; o__Bacillales; f__Bacillaceae; g__; s__,0.0,0.0,0.0,0.0,0.0,0.0,0.0
224390,k__Bacteria; p__Firmicutes; c__Clostridia; o__Clostridiales; f__Clostridiaceae; g__Clostridium; s__,0.0,0.0,0.0,0.0,0.0,0.0,0.0
851821,k__Bacteria; p__Firmicutes; c__Clostridia; o__Clostridiales; f__[Tissierellaceae]; g__Peptoniphilus; s__,0.0,0.0,0.0,0.0,0.0,0.0,0.0
387799,k__Bacteria; p__Firmicutes; c__Clostridia; o__Clostridiales; f__[Tissierellaceae]; g__Anaerococcus; s__,0.0,0.0,0.0,0.0,0.0,0.0,0.0
635665,k__Bacteria; p__Proteobacteria; c__Gammaproteobacteria; o__Pseudomonadales; f__Pseudomonadaceae; g__Pseudomonas; s__,0.0,0.0,0.0,0.0,0.0,0.0,0.0
163361,k__Bacteria; p__Firmicutes; c__Bacilli; o__Lactobacillales; f__Lactobacillaceae; g__Lactobacillus; s__reuteri,0.0,0.0,0.0,0.0,0.0,0.0,0.0
179272,k__Bacteria; p__Bacteroidetes; c__Bacteroidia; o__Bacteroidales; f__Bacteroidaceae; g__Bacteroides; s__uniformis,0.0,0.0,0.0,0.0,0.0,0.0,0.0
327852,k__Bacteria; p__Firmicutes; c__Bacilli; o__Lactobacillales; f__Lactobacillaceae; g__Lactobacillus; s__reuteri,0.0,1.0,1.0,0.0,0.0,0.0,0.0
507594,k__Bacteria; p__Firmicutes; c__Bacilli; o__Bacillales; f__Staphylococcaceae; g__Staphylococcus; s__epidermidis,0.0,0.0,0.0,0.0,0.0,0.0,0.0
1042252,k__Bacteria; p__Firmicutes; c__Clostridia; o__Clostridiales; f__[Tissierellaceae]; g__Helcococcus; s__,0.0,0.0,0.0,0.0,0.0,0.0,0.0
2633340,k__Bacteria; p__Proteobacteria; c__Gammaproteobacteria; o__Pseudomonadales; f__Pseudomonadaceae; g__Pseudomonas; s__veronii,0.0,0.0,0.0,0.0,0.0,0.0,1.0
143587,k__Bacteria; p__Firmicutes; c__Bacilli; o__Lactobacillales; f__Lactobacillaceae; g__Lactobacillus; s__reuteri,0.0,0.0,0.0,0.0,0.0,0.0,0.0
1135793,k__Bacteria; p__Firmicutes; c__Clostridia; o__Clostridiales; f__Peptococcaceae; g__Peptococcus; s__,0.0,0.0,0.0,0.0,0.0,0.0,0.0
367696,k__Bacteria; p__Firmicutes; c__Clostridia; o__Clostridiales; f__[Tissierellaceae]; g__WAL_1855D; s__,0.0,0.0,0.0,0.0,0.0,0.0,0.0
494919,k__Bacteria; p__Bacteroidetes; c__Bacteroidia; o__Bacteroidales; f__Porphyromonadaceae; g__Porphyromonas; s__,0.0,0.0,0.0,0.0,0.0,0.0,0.0
1140879,k__Bacteria; p__Actinobacteria; c__Actinobacteria; o__Actinomycetales; f__Corynebacteriaceae; g__Corynebacterium; s__,0.0,0.0,0.0,0.0,0.0,0.0,0.0
1847843,k__Bacteria; p__Bacteroidetes; c__Bacteroidia; o__Bacteroidales; f__Prevotellaceae; g__Prevotella; s__,0.0,0.0,0.0,0.0,0.0,0.0,0.0
336522,k__Bacteria; p__Firmicutes; c__Bacilli; o__Lactobacillales; f__Lactobacillaceae; g__Lactobacillus; s__,0.0,0.0,0.0,0.0,0.0,0.0,0.0
310308,k__Bacteria; p__Firmicutes; c__Bacilli; o__Lactobacillales; f__Lactobacillaceae; g__Lactobacillus; s__,0.0,1.0,0.0,0.0,0.0,0.0,0.0
4479033,k__Bacteria; p__Firmicutes; c__Clostridia; o__Clostridiales; f__Clostridiaceae; g__Clostridium; s__,0.0,0.0,0.0,0.0,0.0,0.0,0.0
179201,k__Bacteria; p__Firmicutes; c__Clostridia; o__Clostridiales; f__Ruminococcaceae; g__; s__,0.0,0.0,0.0,0.0,0.0,0.0,0.0
239199,k__Bacteria; p__Proteobacteria; c__Gammaproteobacteria; o__Enterobacteriales; f__Enterobacteriaceae; g__Enterobacter; s__hormaechei,0.0,0.0,0.0,0.0,0.0,0.0,0.0
4467792,k__Bacteria; p__Proteobacteria; c__Gammaproteobacteria; o__Pasteurellales; f__Pasteurellaceae; g__Haemophilus; s__,0.0,0.0,0.0,0.0,0.0,0.0,0.0
4455123,k__Bacteria; p__Firmicutes; c__Bacilli; o__Lactobacillales; f__Streptococcaceae; g__Streptococcus; s__,0.0,0.0,0.0,0.0,0.0,0.0,0.0
114999,k__Bacteria; p__Actinobacteria; c__Actinobacteria; o__Actinomycetales; f__Corynebacteriaceae; g__Corynebacterium; s__,0.0,0.0,0.0,0.0,0.0,0.0,0.0
129798,k__Bacteria; p__Firmicutes; c__Bacilli; o__Lactobacillales; f__Lactobacillaceae; g__Lactobacillus; s__iners,0.0,0.0,0.0,2.0,2.0,0.0,0.0
972940,k__Bacteria; p__Firmicutes; c__Bacilli; o__Lactobacillales; f__Streptococcaceae; g__Streptococcus; s__,1.0,0.0,0.0,0.0,0.0,0.0,0.0
553245,k__Bacteria; p__Firmicutes; c__Clostridia; o__Clostridiales; f__; g__; s__,0.0,0.0,0.0,0.0,0.0,0.0,0.0
434992,k__Bacteria; p__Firmicutes; c__Clostridia; o__Clostridiales; f__Peptostreptococcaceae; g__; s__,0.0,0.0,0.0,0.0,0.0,0.0,0.0
182866,k__Bacteria; p__Bacteroidetes; c__Bacteroidia; o__Bacteroidales; f__Bacteroidaceae; g__Bacteroides; s__,0.0,0.0,0.0,0.0,0.0,0.0,0.0
4129221,k__Bacteria; p__Firmicutes; c__Bacilli; o__Lactobacillales; f__Lactobacillaceae; g__Lactobacillus; s__,0.0,0.0,0.0,0.0,0.0,0.0,0.0
4175875,k__Bacteria; p__Proteobacteria; c__Betaproteobacteria; o__Burkholderiales; f__Alcaligenaceae; g__Sutterella; s__,0.0,0.0,0.0,0.0,0.0,0.0,0.0
128247,k__Bacteria; p__Firmicutes; c__Bacilli; o__Lactobacillales; f__Lactobacillaceae; g__Lactobacillus; s__,0.0,0.0,0.0,0.0,0.0,0.0,0.0
4362316,k__Bacteria; p__Firmicutes; c__Clostridia; o__Clostridiales; f__Peptostreptococcaceae; g__; s__,0.0,0.0,0.0,0.0,0.0,0.0,0.0
355960,k__Bacteria; p__Firmicutes; c__Bacilli; o__Lactobacillales; f__Lactobacillaceae; g__Lactobacillus; s__,0.0,0.0,0.0,0.0,0.0,0.0,0.0
45427,k__Bacteria; p__Actinobacteria; c__Actinobacteria; o__Actinomycetales; f__Actinomycetaceae; g__Actinomyces; s__,0.0,0.0,0.0,0.0,0.0,0.0,0.0
4459393,k__Bacteria; p__Firmicutes; c__Clostridia; o__Clostridiales; f__Veillonellaceae; g__Dialister; s__,0.0,0.0,0.0,0.0,0.0,0.0,0.0
1821035,k__Bacteria; p__Firmicutes; c__Bacilli; o__Lactobacillales; f__Lactobacillaceae; g__Lactobacillus; s__,0.0,0.0,0.0,0.0,0.0,0.0,0.0
363395,k__Bacteria; p__Firmicutes; c__Clostridia; o__Clostridiales; f__[Tissierellaceae]; g__Anaerococcus; s__,0.0,0.0,0.0,0.0,0.0,0.0,0.0
191376,k__Bacteria; p__Fusobacteria; c__Fusobacteriia; o__Fusobacteriales; f__Leptotrichiaceae; g__Sneathia; s__,0.0,0.0,0.0,0.0,0.0,0.0,0.0
4471315,k__Bacteria; p__Firmicutes; c__Bacilli; o__Lactobacillales; f__Carnobacteriaceae; g__Granulicatella; s__,0.0,0.0,0.0,0.0,0.0,0.0,0.0
756221,k__Bacteria; p__Firmicutes; c__Bacilli; o__Lactobacillales; f__Lactobacillaceae; g__Lactobacillus; s__vaginalis,0.0,0.0,0.0,0.0,0.0,0.0,0.0
4350953,k__Bacteria; p__Firmicutes; c__Clostridia; o__Clostridiales; f__Peptostreptococcaceae; g__Peptostreptococcus; s__,0.0,0.0,0.0,0.0,0.0,0.0,0.0
4414377,k__Bacteria; p__Bacteroidetes; c__Bacteroidia; o__Bacteroidales; f__Bacteroidaceae; g__Bacteroides; s__uniformis,0.0,0.0,0.0,0.0,0.0,0.0,0.0
4300007,k__Bacteria; p__Proteobacteria; c__Gammaproteobacteria; o__Pasteurellales; f__Pasteurellaceae; g__Haemophilus; s__parainfluenzae,0.0,0.0,0.0,0.0,0.0,0.0,0.0
828676,k__Bacteria; p__Fusobacteria; c__Fusobacteriia; o__Fusobacteriales; f__Fusobacteriaceae; g__Fusobacterium; s__,0.0,0.0,0.0,0.0,0.0,0.0,0.0
3480243,k__Bacteria; p__Bacteroidetes; c__Bacteroidia; o__Bacteroidales; f__Bacteroidaceae; g__Bacteroides; s__uniformis,0.0,0.0,0.0,0.0,0.0,0.0,0.0
1058630,k__Bacteria; p__Firmicutes; c__Clostridia; o__Clostridiales; f__; g__; s__,0.0,0.0,0.0,0.0,0.0,0.0,0.0
705675,k__Bacteria; p__Proteobacteria; c__Betaproteobacteria; o__Burkholderiales; f__Alcaligenaceae; g__; s__,0.0,0.0,0.0,0.0,0.0,0.0,0.0
779595,k__Bacteria; p__Proteobacteria; c__Gammaproteobacteria; o__Pseudomonadales; f__Pseudomonadaceae; g__Pseudomonas; s__,0.0,0.0,0.0,0.0,0.0,0.0,0.0
4465153,k__Bacteria; p__Firmicutes; c__Bacilli; o__Lactobacillales; f__Enterococcaceae; g__Enterococcus; s__,1.0,0.0,0.0,0.0,0.0,0.0,0.0
469663,k__Bacteria; p__Actinobacteria; c__Coriobacteriia; o__Coriobacteriales; f__Coriobacteriaceae; g__Atopobium; s__vaginae,0.0,0.0,0.0,14336.0,7874.0,3.0,0.0
4334915,k__Bacteria; p__Bacteroidetes; c__Bacteroidia; o__Bacteroidales; f__Prevotellaceae; g__Prevotella; s__,0.0,0.0,0.0,0.0,0.0,0.0,0.0
4327753,k__Bacteria; p__Actinobacteria; c__Actinobacteria; o__Actinomycetales; f__Microbacteriaceae; g__Microbacterium; s__,0.0,0.0,0.0,0.0,0.0,0.0,0.0
319581,k__Bacteria; p__Firmicutes; c__Bacilli; o__Lactobacillales; f__Lactobacillaceae; g__Lactobacillus; s__,0.0,0.0,0.0,0.0,0.0,0.0,0.0
4317939,k__Bacteria; p__Firmicutes; c__Bacilli; o__Lactobacillales; f__Streptococcaceae; g__Streptococcus; s__,0.0,0.0,0.0,0.0,0.0,0.0,0.0
4380875,k__Bacteria; p__Bacteroidetes; c__Bacteroidia; o__Bacteroidales; f__Porphyromonadaceae; g__Parabacteroides; s__distasonis,0.0,0.0,0.0,0.0,0.0,0.0,0.0
609001,k__Bacteria; p__Actinobacteria; c__Actinobacteria; o__Bifidobacteriales; f__Bifidobacteriaceae; g__Gardnerella; s__,0.0,0.0,0.0,2955.0,2576.0,0.0,0.0
4386879,k__Bacteria; p__Firmicutes; c__Clostridia; o__Clostridiales; f__Veillonellaceae; g__Veillonella; s__dispar,0.0,0.0,0.0,0.0,0.0,0.0,0.0
3486766,k__Bacteria; p__Proteobacteria; c__Gammaproteobacteria; o__Pseudomonadales; f__Pseudomonadaceae; g__Pseudomonas; s__,0.0,0.0,0.0,0.0,0.0,0.0,0.0
191604,k__Bacteria; p__Actinobacteria; c__Coriobacteriia; o__Coriobacteriales; f__Coriobacteriaceae; g__Collinsella; s__aerofaciens,0.0,0.0,0.0,0.0,0.0,0.0,0.0
738372,k__Bacteria; p__Firmicutes; c__Clostridia; o__Clostridiales; f__[Tissierellaceae]; g__Anaerococcus; s__,0.0,0.0,0.0,0.0,0.0,0.0,0.0
289132,k__Bacteria; p__Firmicutes; c__Clostridia; o__Clostridiales; f__Peptostreptococcaceae; g__; s__,0.0,0.0,0.0,0.0,0.0,1.0,0.0
4370024,k__Bacteria; p__Firmicutes; c__Clostridia; o__Clostridiales; f__Lachnospiraceae; g__; s__,0.0,0.0,0.0,0.0,0.0,0.0,0.0
933546,k__Bacteria; p__Proteobacteria; c__Betaproteobacteria; o__Neisseriales; f__Neisseriaceae; g__; s__,0.0,0.0,0.0,0.0,0.0,0.0,0.0
537734,k__Bacteria; p__Firmicutes; c__Bacilli; o__Lactobacillales; f__Lactobacillaceae; g__Lactobacillus; s__,0.0,1.0,0.0,0.0,0.0,0.0,0.0
614182,k__Bacteria; p__Proteobacteria; c__Gammaproteobacteria; o__Enterobacteriales; f__Enterobacteriaceae; g__; s__,0.0,0.0,0.0,0.0,0.0,2.0,0.0
1032479,k__Bacteria; p__Firmicutes; c__Clostridia; o__Clostridiales; f__Veillonellaceae; g__Veillonella; s__dispar,0.0,0.0,0.0,0.0,0.0,0.0,0.0
191595,k__Bacteria; p__Actinobacteria; c__Coriobacteriia; o__Coriobacteriales; f__Coriobacteriaceae; g__Collinsella; s__aerofaciens,0.0,0.0,0.0,0.0,0.0,0.0,0.0
927089,k__Bacteria; p__Firmicutes; c__Clostridia; o__Clostridiales; f__[Tissierellaceae]; g__Anaerococcus; s__,0.0,0.0,1.0,0.0,0.0,0.0,0.0
288521,k__Bacteria; p__Firmicutes; c__Bacilli; o__Lactobacillales; f__Lactobacillaceae; g__Lactobacillus; s__,0.0,0.0,0.0,0.0,0.0,0.0,0.0
3672963,k__Bacteria; p__Bacteroidetes; c__Bacteroidia; o__Bacteroidales; f__Bacteroidaceae; g__Bacteroides; s__,0.0,0.0,0.0,0.0,0.0,0.0,0.0
4366648,k__Bacteria; p__Bacteroidetes; c__Bacteroidia; o__Bacteroidales; f__Bacteroidaceae; g__Bacteroides; s__,0.0,0.0,0.0,0.0,0.0,0.0,0.0
580609,k__Bacteria; p__Firmicutes; c__Bacilli; o__Lactobacillales; f__Lactobacillaceae; g__Lactobacillus; s__,0.0,0.0,0.0,0.0,0.0,0.0,0.0
526579,k__Bacteria; p__Firmicutes; c__Bacilli; o__Lactobacillales; f__Streptococcaceae; g__Streptococcus; s__,1.0,0.0,0.0,0.0,0.0,0.0,0.0
4303153,k__Bacteria; p__Firmicutes; c__Bacilli; o__Lactobacillales; f__Streptococcaceae; g__Streptococcus; s__,0.0,0.0,0.0,0.0,0.0,0.0,0.0
3350934,k__Bacteria; p__Proteobacteria; c__Gammaproteobacteria; o__Pasteurellales; f__Pasteurellaceae; g__Haemophilus; s__parainfluenzae,0.0,0.0,0.0,0.0,0.0,0.0,0.0
912906,k__Bacteria; p__Firmicutes; c__Clostridia; o__Clostridiales; f__[Tissierellaceae]; g__Anaerococcus; s__,2.0,0.0,0.0,0.0,0.0,0.0,0.0
4454474,k__Bacteria; p__Firmicutes; c__Bacilli; o__Lactobacillales; f__Lactobacillaceae; g__Lactobacillus; s__,0.0,0.0,0.0,0.0,0.0,0.0,0.0
4349522,k__Bacteria; p__Firmicutes; c__Clostridia; o__Clostridiales; f__[Tissierellaceae]; g__Anaerococcus; s__,0.0,0.0,0.0,0.0,0.0,0.0,0.0
505626,k__Bacteria; p__Actinobacteria; c__Actinobacteria; o__Actinomycetales; f__Corynebacteriaceae; g__Corynebacterium; s__,0.0,0.0,0.0,0.0,0.0,0.0,0.0
960131,k__Bacteria; p__Firmicutes; c__Bacilli; o__Bacillales; f__Planococcaceae; g__; s__,0.0,0.0,0.0,0.0,0.0,0.0,0.0
107854,k__Bacteria; p__Firmicutes; c__Bacilli; o__Lactobacillales; f__Lactobacillaceae; g__Lactobacillus; s__zeae,0.0,0.0,0.0,0.0,0.0,0.0,0.0
16132,k__Bacteria; p__Firmicutes; c__Clostridia; o__Clostridiales; f__Clostridiaceae; g__Clostridium; s__,0.0,0.0,0.0,0.0,0.0,0.0,0.0
900902,k__Bacteria; p__Firmicutes; c__Clostridia; o__Clostridiales; f__[Tissierellaceae]; g__Anaerococcus; s__,0.0,0.0,0.0,0.0,0.0,0.0,0.0
578014,k__Bacteria; p__Bacteroidetes; c__Bacteroidia; o__Bacteroidales; f__Porphyromonadaceae; g__Parabacteroides; s__distasonis,0.0,0.0,0.0,0.0,0.0,0.0,0.0
131256,k__Bacteria; p__Actinobacteria; c__Actinobacteria; o__Bifidobacteriales; f__Bifidobacteriaceae; g__Gardnerella; s__,0.0,0.0,0.0,43.0,3.0,1.0,0.0
4370233,k__Bacteria; p__Firmicutes; c__Clostridia; o__Clostridiales; f__Clostridiaceae; g__; s__,0.0,0.0,0.0,0.0,0.0,0.0,0.0
332720,k__Bacteria; p__Firmicutes; c__Bacilli; o__Lactobacillales; f__Lactobacillaceae; g__Lactobacillus; s__reuteri,0.0,0.0,0.0,0.0,0.0,0.0,0.0
200879,k__Bacteria; p__Firmicutes; c__Clostridia; o__Clostridiales; f__Ruminococcaceae; g__; s__,0.0,0.0,0.0,0.0,0.0,0.0,0.0
926706,k__Bacteria; p__Firmicutes; c__Bacilli; o__Bacillales; f__Staphylococcaceae; g__Staphylococcus; s__aureus,0.0,0.0,0.0,0.0,0.0,0.0,0.0
76200,k__Bacteria; p__Firmicutes; c__Clostridia; o__Clostridiales; f__Clostridiaceae; g__Clostridium; s__colicanis,0.0,0.0,0.0,0.0,0.0,0.0,0.0
4441176,k__Bacteria; p__Firmicutes; c__Clostridia; o__Clostridiales; f__Veillonellaceae; g__Veillonella; s__parvula,0.0,0.0,0.0,0.0,0.0,0.0,0.0
137021,k__Bacteria; p__Firmicutes; c__Bacilli; o__Lactobacillales; f__Lactobacillaceae; g__Lactobacillus; s__,0.0,6.0,6.0,0.0,0.0,0.0,0.0
1890332,k__Bacteria; p__Bacteroidetes; c__Bacteroidia; o__Bacteroidales; f__Bacteroidaceae; g__Bacteroides; s__,0.0,0.0,0.0,0.0,0.0,0.0,0.0
264637,k__Bacteria; p__Proteobacteria; c__Gammaproteobacteria; o__Pseudomonadales; f__Pseudomonadaceae; g__Pseudomonas; s__veronii,13.0,1.0,3.0,0.0,1.0,4.0,6.0
133075,k__Bacteria; p__Firmicutes; c__Bacilli; o__Lactobacillales; f__Lactobacillaceae; g__Lactobacillus; s__iners,6.0,5.0,3.0,17.0,66.0,0.0,0.0
255367,k__Bacteria; p__Firmicutes; c__Bacilli; o__Lactobacillales; f__Lactobacillaceae; g__Lactobacillus; s__,0.0,55.0,80.0,0.0,0.0,0.0,0.0
15806,k__Bacteria; p__Tenericutes; c__Mollicutes; o__Mycoplasmatales; f__Mycoplasmataceae; g__Ureaplasma; s__,0.0,0.0,0.0,0.0,0.0,0.0,0.0
4322647,k__Bacteria; p__Firmicutes; c__Bacilli; o__Lactobacillales; f__Streptococcaceae; g__Streptococcus; s__,0.0,0.0,0.0,0.0,1.0,0.0,0.0
1066814,k__Bacteria; p__Bacteroidetes; c__Bacteroidia; o__Bacteroidales; f__Prevotellaceae; g__Prevotella; s__,0.0,0.0,0.0,0.0,0.0,0.0,0.0
1099710,k__Bacteria; p__Firmicutes; c__Clostridia; o__Clostridiales; f__Peptococcaceae; g__Peptococcus; s__,0.0,0.0,0.0,0.0,0.0,0.0,0.0
302439,k__Bacteria; p__Proteobacteria; c__Gammaproteobacteria; o__Enterobacteriales; f__Enterobacteriaceae; g__; s__,13.0,1.0,4.0,2.0,0.0,14.0,10.0
4378517,k__Bacteria; p__Bacteroidetes; c__Bacteroidia; o__Bacteroidales; f__Bacteroidaceae; g__Bacteroides; s__,0.0,0.0,0.0,0.0,0.0,0.0,0.0
4428313,k__Bacteria; p__Firmicutes; c__Bacilli; o__Lactobacillales; f__Lactobacillaceae; g__Lactobacillus; s__,0.0,0.0,1.0,0.0,0.0,0.0,0.0
4429335,k__Bacteria; p__Firmicutes; c__Clostridia; o__Clostridiales; f__[Tissierellaceae]; g__Peptoniphilus; s__,0.0,0.0,0.0,0.0,0.0,0.0,0.0
4458884,k__Bacteria; p__Bacteroidetes; c__Bacteroidia; o__Bacteroidales; f__Bacteroidaceae; g__Bacteroides; s__uniformis,0.0,0.0,0.0,0.0,0.0,0.0,0.0
4476969,k__Bacteria; p__Bacteroidetes; c__Bacteroidia; o__Bacteroidales; f__Bacteroidaceae; g__Bacteroides; s__,0.0,0.0,0.0,0.0,0.0,0.0,0.0
4410137,k__Bacteria; p__Actinobacteria; c__Actinobacteria; o__Bifidobacteriales; f__Bifidobacteriaceae; g__Bifidobacterium; s__,0.0,0.0,0.0,3.0,0.0,0.0,0.0
2436699,k__Bacteria; p__Firmicutes; c__Clostridia; o__Clostridiales; f__[Tissierellaceae]; g__Anaerococcus; s__,0.0,0.0,0.0,0.0,0.0,0.0,0.0
322560,k__Bacteria; p__Firmicutes; c__Clostridia; o__Clostridiales; f__Clostridiaceae; g__SMB53; s__,0.0,0.0,0.0,0.0,0.0,0.0,0.0
4368848,k__Bacteria; p__Proteobacteria; c__Gammaproteobacteria; o__Pasteurellales; f__Pasteurellaceae; g__Haemophilus; s__parainfluenzae,0.0,0.0,0.0,0.0,0.0,0.0,0.0
262701,k__Bacteria; p__Firmicutes; c__Bacilli; o__Lactobacillales; f__Lactobacillaceae; g__Lactobacillus; s__reuteri,0.0,1.0,1.0,0.0,0.0,0.0,0.0
275845,k__Bacteria; p__Firmicutes; c__Bacilli; o__Lactobacillales; f__Lactobacillaceae; g__Lactobacillus; s__,0.0,0.0,0.0,0.0,0.0,0.0,0.0
715913,k__Bacteria; p__Fusobacteria; c__Fusobacteriia; o__Fusobacteriales; f__Leptotrichiaceae; g__Sneathia; s__,0.0,0.0,0.0,11.0,3.0,1.0,0.0
939571,k__Bacteria; p__Firmicutes; c__Clostridia; o__Clostridiales; f__[Tissierellaceae]; g__Anaerococcus; s__,0.0,0.0,0.0,0.0,0.0,0.0,0.0
4393117,k__Bacteria; p__Firmicutes; c__Clostridia; o__Clostridiales; f__Veillonellaceae; g__Veillonella; s__dispar,0.0,0.0,0.0,0.0,0.0,0.0,0.0
3057707,k__Bacteria; p__Proteobacteria; c__Gammaproteobacteria; o__Pseudomonadales; f__Moraxellaceae; g__; s__,0.0,0.0,0.0,0.0,0.0,1.0,0.0
539241,k__Bacteria; p__Proteobacteria; c__Gammaproteobacteria; o__Pseudomonadales; f__Pseudomonadaceae; g__Pseudomonas; s__veronii,0.0,0.0,0.0,0.0,0.0,0.0,1.0
4344207,k__Bacteria; p__Firmicutes; c__Bacilli; o__Lactobacillales; f__Streptococcaceae; g__Streptococcus; s__anginosus,0.0,0.0,0.0,0.0,0.0,0.0,0.0
365385,k__Bacteria; p__Actinobacteria; c__Actinobacteria; o__Bifidobacteriales; f__Bifidobacteriaceae; g__Bifidobacterium; s__bifidum,0.0,0.0,0.0,169.0,24.0,0.0,0.0
144017,k__Bacteria; p__Proteobacteria; c__Betaproteobacteria; o__Burkholderiales; f__Oxalobacteraceae; g__; s__,1.0,0.0,0.0,0.0,0.0,0.0,1.0
4397095,k__Bacteria; p__Bacteroidetes; c__Bacteroidia; o__Bacteroidales; f__Rikenellaceae; g__; s__,0.0,0.0,0.0,0.0,0.0,0.0,0.0
4305794,k__Bacteria; p__Proteobacteria; c__Gammaproteobacteria; o__Pasteurellales; f__Pasteurellaceae; g__Haemophilus; s__parainfluenzae,0.0,0.0,0.0,0.0,0.0,0.0,0.0
582884,k__Bacteria; p__Firmicutes; c__Bacilli; o__Lactobacillales; f__Lactobacillaceae; g__Lactobacillus; s__,0.0,0.0,0.0,0.0,0.0,0.0,0.0
4325362,k__Bacteria; p__Firmicutes; c__Clostridia; o__Clostridiales; f__Peptostreptococcaceae; g__; s__,0.0,0.0,0.0,0.0,0.0,0.0,0.0
306306,k__Bacteria; p__Firmicutes; c__Bacilli; o__Lactobacillales; f__Lactobacillaceae; g__Lactobacillus; s__,0.0,0.0,0.0,0.0,0.0,0.0,0.0
230654,k__Bacteria; p__Cyanobacteria; c__Chloroplast; o__Streptophyta; f__; g__; s__,0.0,0.0,0.0,0.0,0.0,0.0,0.0
790935,k__Bacteria; p__Proteobacteria; c__Alphaproteobacteria; o__Sphingomonadales; f__Sphingomonadaceae; g__Sphingomonas; s__,0.0,0.0,0.0,0.0,0.0,0.0,2.0
1067870,k__Bacteria; p__Bacteroidetes; c__Bacteroidia; o__Bacteroidales; f__Porphyromonadaceae; g__Porphyromonas; s__,0.0,0.0,0.0,0.0,0.0,0.0,0.0
555659,k__Bacteria; p__Proteobacteria; c__Gammaproteobacteria; o__Pseudomonadales; f__Pseudomonadaceae; g__Pseudomonas; s__,1.0,0.0,0.0,0.0,0.0,0.0,0.0
1096610,k__Bacteria; p__Firmicutes; c__Clostridia; o__Clostridiales; f__[Tissierellaceae]; g__Finegoldia; s__,8.0,0.0,0.0,2.0,0.0,0.0,0.0
2251909,k__Bacteria; p__Firmicutes; c__Clostridia; o__Clostridiales; f__Peptostreptococcaceae; g__; s__,0.0,0.0,0.0,0.0,0.0,0.0,0.0
2922557,k__Bacteria; p__Firmicutes; c__Erysipelotrichi; o__Erysipelotrichales; f__Erysipelotrichaceae; g__; s__,0.0,0.0,0.0,0.0,0.0,0.0,0.0
362084,k__Bacteria; p__Firmicutes; c__Bacilli; o__Bacillales; f__Staphylococcaceae; g__Staphylococcus; s__epidermidis,0.0,0.0,0.0,0.0,0.0,0.0,0.0
4468106,k__Bacteria; p__Proteobacteria; c__Gammaproteobacteria; o__Pasteurellales; f__Pasteurellaceae; g__Haemophilus; s__parainfluenzae,0.0,0.0,0.0,0.0,0.0,0.0,0.0
353746,k__Bacteria; p__Firmicutes; c__Bacilli; o__Lactobacillales; f__Lactobacillaceae; g__Lactobacillus; s__,0.0,1.0,1.0,0.0,0.0,0.0,0.0
330476,k__Bacteria; p__Bacteroidetes; c__Bacteroidia; o__Bacteroidales; f__Bacteroidaceae; g__Bacteroides; s__,0.0,0.0,0.0,0.0,0.0,0.0,0.0
128300,k__Bacteria; p__Firmicutes; c__Bacilli; o__Lactobacillales; f__Lactobacillaceae; g__Lactobacillus; s__,0.0,103.0,92.0,0.0,0.0,0.0,0.0
128232,k__Bacteria; p__Firmicutes; c__Bacilli; o__Lactobacillales; f__Lactobacillaceae; g__Lactobacillus; s__,1.0,108.0,113.0,0.0,0.0,0.0,0.0
4354042,k__Bacteria; p__Bacteroidetes; c__Bacteroidia; o__Bacteroidales; f__Bacteroidaceae; g__Bacteroides; s__,0.0,0.0,0.0,0.0,0.0,0.0,0.0
144536,k__Bacteria; p__Proteobacteria; c__Gammaproteobacteria; o__Pseudomonadales; f__Pseudomonadaceae; g__Pseudomonas; s__veronii,0.0,0.0,0.0,0.0,0.0,0.0,0.0
2699610,k__Bacteria; p__Firmicutes; c__Clostridia; o__Clostridiales; f__Ruminococcaceae; g__; s__,0.0,0.0,0.0,0.0,0.0,0.0,0.0
290235,k__Bacteria; p__Firmicutes; c__Bacilli; o__Lactobacillales; f__Lactobacillaceae; g__Lactobacillus; s__,0.0,0.0,0.0,0.0,0.0,0.0,0.0
4443050,k__Bacteria; p__Proteobacteria; c__Alphaproteobacteria; o__Rhizobiales; f__Methylobacteriaceae; g__Methylobacterium; s__,0.0,0.0,1.0,0.0,0.0,1.0,0.0
4391343,k__Bacteria; p__Bacteroidetes; c__Bacteroidia; o__Bacteroidales; f__Bacteroidaceae; g__Bacteroides; s__,0.0,0.0,0.0,0.0,0.0,0.0,0.0
320277,k__Bacteria; p__Firmicutes; c__Bacilli; o__Lactobacillales; f__Lactobacillaceae; g__Lactobacillus; s__,0.0,0.0,0.0,0.0,0.0,0.0,0.0
367176,k__Bacteria; p__Firmicutes; c__Clostridia; o__Clostridiales; f__Ruminococcaceae; g__Oscillospira; s__,0.0,0.0,0.0,0.0,0.0,0.0,0.0
570438,k__Bacteria; p__Bacteroidetes; c__Bacteroidia; o__Bacteroidales; f__Porphyromonadaceae; g__Parabacteroides; s__distasonis,0.0,0.0,0.0,0.0,0.0,0.0,0.0
305123,k__Bacteria; p__Actinobacteria; c__Actinobacteria; o__Actinomycetales; f__Corynebacteriaceae; g__Corynebacterium; s__,0.0,0.0,0.0,0.0,0.0,0.0,0.0
1519356,k__Bacteria; p__Firmicutes; c__Bacilli; o__Lactobacillales; f__Lactobacillaceae; g__Lactobacillus; s__,0.0,0.0,0.0,0.0,0.0,0.0,0.0
15076,k__Bacteria; p__Firmicutes; c__Bacilli; o__Lactobacillales; f__Aerococcaceae; g__Aerococcus; s__,0.0,0.0,0.0,475.0,612.0,0.0,0.0
742595,k__Bacteria; p__Actinobacteria; c__Actinobacteria; o__Bifidobacteriales; f__Bifidobacteriaceae; g__Bifidobacterium; s__breve,0.0,0.0,0.0,0.0,0.0,0.0,0.0
4422396,k__Bacteria; p__Proteobacteria; c__Betaproteobacteria; o__Burkholderiales; f__Comamonadaceae; g__Pelomonas; s__puraquae,0.0,0.0,0.0,0.0,0.0,0.0,0.0
1903534,k__Bacteria; p__Actinobacteria; c__Coriobacteriia; o__Coriobacteriales; f__Coriobacteriaceae; g__; s__,0.0,0.0,0.0,0.0,0.0,0.0,0.0
549991,k__Bacteria; p__Firmicutes; c__Bacilli; o__Lactobacillales; f__Lactobacillaceae; g__Lactobacillus; s__,0.0,0.0,0.0,0.0,0.0,0.0,0.0
484439,k__Bacteria; p__Synergistetes; c__Synergistia; o__Synergistales; f__Dethiosulfovibrionaceae; g__Jonquetella; s__anthropi,0.0,0.0,0.0,0.0,0.0,0.0,0.0
4437814,k__Bacteria; p__Bacteroidetes; c__Bacteroidia; o__Bacteroidales; f__Bacteroidaceae; g__Bacteroides; s__,0.0,0.0,0.0,0.0,0.0,0.0,0.0
4455822,k__Bacteria; p__Firmicutes; c__Clostridia; o__Clostridiales; f__Veillonellaceae; g__Veillonella; s__dispar,0.0,0.0,0.0,0.0,0.0,0.0,0.0
390972,k__Bacteria; p__Firmicutes; c__Bacilli; o__Bacillales; f__Bacillaceae; g__Bacillus; s__,0.0,0.0,0.0,0.0,0.0,0.0,0.0
329660,k__Bacteria; p__Firmicutes; c__Bacilli; o__Lactobacillales; f__Lactobacillaceae; g__Lactobacillus; s__reuteri,0.0,0.0,2.0,0.0,0.0,0.0,0.0
976602,k__Bacteria; p__Actinobacteria; c__Actinobacteria; o__Actinomycetales; f__Corynebacteriaceae; g__Corynebacterium; s__,0.0,0.0,0.0,0.0,0.0,0.0,0.0
4480063,k__Bacteria; p__Proteobacteria; c__Betaproteobacteria; o__Burkholderiales; f__Oxalobacteraceae; g__Ralstonia; s__,0.0,0.0,0.0,0.0,0.0,0.0,1.0
225846,k__Bacteria; p__Firmicutes; c__Clostridia; o__Clostridiales; f__Veillonellaceae; g__Dialister; s__,0.0,0.0,0.0,31.0,19.0,0.0,0.0
85062,k__Bacteria; p__Proteobacteria; c__Gammaproteobacteria; o__Pseudomonadales; f__Pseudomonadaceae; g__Pseudomonas; s__,0.0,0.0,0.0,0.0,0.0,0.0,0.0
3084933,k__Bacteria; p__Proteobacteria; c__Gammaproteobacteria; o__Enterobacteriales; f__Enterobacteriaceae; g__; s__,0.0,0.0,0.0,0.0,0.0,0.0,1.0
